PassengerId,Age,Cabin_A,Cabin_B,Cabin_C,Cabin_D,Cabin_E,Cabin_F,Cabin_G,Cabin_M,Cabin_T,Embarked_C,Embarked_Q,Embarked_S,Family,Family_cut_Alone,Family_cut_Large,Family_cut_Samll,Fare,Parch,Pclass,Sex_female,Sex_male,SibSp,Title_Master,Title_Miss,Title_Mr,Title_Mrs,Title_Other
1,22.0,0,0,0,0,0,0,0,1,0,0,0,1,1,0,0,1,-0.3120106021758714,0,3,0,1,1,0,0,1,0,0
2,38.0,0,0,1,0,0,0,0,0,0,1,0,0,1,0,0,1,2.4612422909015312,0,1,1,0,1,0,0,0,1,0
3,26.0,0,0,0,0,0,0,0,1,0,0,0,1,0,1,0,0,-0.2827766613540295,0,3,1,0,0,0,1,0,0,0
4,35.0,0,0,1,0,0,0,0,0,0,0,0,1,1,0,0,1,1.6737318966114614,0,1,1,0,1,0,0,0,1,0
5,35.0,0,0,0,0,0,0,0,1,0,0,0,1,0,1,0,0,-0.277362968609244,0,3,0,1,0,0,0,1,0,0
6,25.0,0,0,0,0,0,0,0,1,0,0,1,0,0,1,0,0,-0.25967968262767654,0,3,0,1,0,0,0,1,0,0
7,54.0,0,0,0,0,1,0,0,0,0,0,0,1,0,1,0,0,1.6201363384380845,0,1,0,1,0,0,0,1,0,0
8,2.0,0,0,0,0,0,0,0,1,0,0,0,1,4,0,1,0,0.2867438153974083,1,3,0,1,3,1,0,0,0,0
9,27.0,0,0,0,0,0,0,0,1,0,0,0,1,2,0,0,1,-0.14382665788926616,2,3,1,0,0,0,0,0,1,0
10,14.0,0,0,0,0,0,0,0,1,0,1,0,0,1,0,0,1,0.6763477929457417,0,2,1,0,1,0,0,0,1,0
11,4.0,0,0,0,0,0,0,1,0,0,0,0,1,2,0,0,1,0.09726456932991473,1,3,1,0,1,0,1,0,0,0
12,58.0,0,0,1,0,0,0,0,0,0,0,0,1,0,1,0,0,0.5238635576190146,0,1,1,0,0,0,1,0,0,0
13,20.0,0,0,0,0,0,0,0,1,0,0,0,1,0,1,0,0,-0.277362968609244,0,3,0,1,0,0,0,1,0,0
14,39.0,0,0,0,0,0,0,0,1,0,0,0,1,6,0,1,0,0.7285011433719076,5,3,0,1,1,0,0,1,0,0
15,14.0,0,0,0,0,0,0,0,1,0,0,0,1,0,1,0,0,-0.2858429769246761,0,3,1,0,0,0,1,0,0,0
16,55.0,0,0,0,0,0,0,0,1,0,0,0,1,0,1,0,0,0.06694788995911578,0,2,1,0,0,0,0,0,1,0
17,2.0,0,0,0,0,0,0,0,1,0,0,1,0,5,0,1,0,0.6353856281615965,1,3,0,1,4,1,0,0,0,0
18,30.0,0,0,0,0,0,0,0,1,0,0,0,1,0,1,0,0,-0.06298073591573695,0,2,0,1,0,0,0,1,0,0
19,31.0,0,0,0,0,0,0,0,1,0,0,0,1,1,0,0,1,0.15356697387568427,0,3,1,0,1,0,0,0,1,0
20,21.5,0,0,0,0,0,0,0,1,0,1,0,0,0,1,0,0,-0.31309334072482853,0,3,1,0,0,0,0,0,1,0
21,35.0,0,0,0,0,0,0,0,1,0,0,0,1,0,1,0,0,0.5000433095419583,0,2,0,1,0,0,0,1,0,0
22,34.0,0,0,0,1,0,0,0,0,0,0,0,1,0,1,0,0,-0.06298073591573695,0,2,0,1,0,0,0,1,0,0
23,15.0,0,0,0,0,0,0,0,1,0,0,1,0,0,1,0,0,-0.27826380708197634,0,3,1,0,0,0,1,0,0,0
24,28.0,1,0,0,0,0,0,0,0,0,0,0,1,0,1,0,0,0.9114839581456586,0,1,0,1,0,0,0,1,0,0
25,8.0,0,0,0,0,0,0,0,1,0,0,0,1,4,0,1,0,0.2867438153974083,1,3,1,0,3,0,1,0,0,0
26,38.0,0,0,0,0,0,0,0,1,0,0,0,1,6,0,1,0,0.7333734668422146,5,3,1,0,1,0,0,0,1,0
27,25.0,0,0,0,0,0,0,0,1,0,1,0,0,0,1,0,0,-0.31309334072482853,0,3,0,1,0,0,0,1,0,0
28,19.0,0,0,1,0,0,0,0,0,0,0,0,1,5,0,1,0,10.764404753655324,2,1,0,1,3,0,0,1,0,0
29,21.5,0,0,0,0,0,0,0,1,0,0,1,0,0,1,0,0,-0.28476023837571895,0,3,1,0,0,0,1,0,0,0
30,25.0,0,0,0,0,0,0,0,1,0,0,0,1,0,1,0,0,-0.2840412999792114,0,3,0,1,0,0,0,1,0,0
31,40.0,0,0,0,0,0,0,0,1,0,1,0,0,0,1,0,0,0.5745703693437738,0,1,0,1,0,0,0,0,0,1
32,35.0,0,1,0,0,0,0,0,0,0,1,0,0,1,0,0,1,5.719743953987942,0,1,1,0,1,0,0,0,1,0
33,21.5,0,0,0,0,0,0,0,1,0,0,1,0,0,1,0,0,-0.29035583119672925,0,3,1,0,0,0,1,0,0,0
34,66.0,0,0,0,0,0,0,0,1,0,0,0,1,0,1,0,0,-0.1712545908114476,0,2,0,1,0,0,0,1,0,0
35,28.0,0,0,0,0,0,0,0,1,0,1,0,0,1,0,0,1,2.9327749289723513,0,1,0,1,1,0,0,1,0,0
36,42.0,0,0,0,0,0,0,0,1,0,0,0,1,1,0,0,1,1.6260914004573488,0,1,0,1,1,0,0,1,0,0
37,25.0,0,0,0,0,0,0,0,1,0,1,0,0,0,1,0,0,-0.3129114406486037,0,3,0,1,0,0,0,1,0,0
38,21.0,0,0,0,0,0,0,0,1,0,0,0,1,0,1,0,0,-0.277362968609244,0,3,0,1,0,0,0,1,0,0
39,18.0,0,0,0,0,0,0,0,1,0,0,0,1,2,0,0,1,0.15356697387568427,0,3,1,0,2,0,1,0,0,0
40,14.0,0,0,0,0,0,0,0,1,0,1,0,0,1,0,0,1,-0.13913190354098817,0,3,1,0,1,0,1,0,0,0
41,40.0,0,0,0,0,0,0,0,1,0,0,0,1,1,0,0,1,-0.21564687131868895,0,3,1,0,1,0,0,0,1,0
42,27.0,0,0,0,0,0,0,0,1,0,0,0,1,1,0,0,1,0.283495599750537,0,2,1,0,1,0,0,0,1,0
43,25.0,0,0,0,0,0,0,0,1,0,1,0,0,0,1,0,0,-0.2840412999792114,0,3,0,1,0,0,0,1,0,0
44,3.0,0,0,0,0,0,0,0,1,0,1,0,0,3,0,0,1,1.1747713256184602,2,2,1,0,1,0,1,0,0,0
45,19.0,0,0,0,0,0,0,0,1,0,0,1,0,0,1,0,0,-0.28476023837571895,0,3,1,0,0,0,1,0,0,0
46,25.0,0,0,0,0,0,0,0,1,0,0,0,1,0,1,0,0,-0.277362968609244,0,3,0,1,0,0,0,1,0,0
47,25.0,0,0,0,0,0,0,0,1,0,0,1,0,1,0,0,1,0.04529311897997366,0,3,0,1,1,0,0,1,0,0
48,21.5,0,0,0,0,0,0,0,1,0,0,1,0,0,1,0,0,-0.29035583119672925,0,3,1,0,0,0,1,0,0,0
49,25.0,0,0,0,0,0,0,0,1,0,1,0,0,2,0,0,1,0.31291144064860377,0,3,0,1,2,0,0,1,0,0
50,18.0,0,0,0,0,0,0,0,1,0,0,0,1,1,0,0,1,0.14490506548402746,0,3,1,0,1,0,0,0,1,0
51,7.0,0,0,0,0,0,0,0,1,0,0,0,1,5,0,1,0,1.092842665095974,1,3,0,1,4,1,0,0,0,0
52,21.0,0,0,0,0,0,0,0,1,0,0,0,1,0,1,0,0,-0.28819035409881505,0,3,0,1,0,0,0,1,0,0
53,49.0,0,0,0,1,0,0,0,0,0,1,0,0,1,0,0,1,2.6971017254521517,0,1,1,0,1,0,0,0,1,0
54,29.0,0,0,0,0,0,0,0,1,0,0,0,1,1,0,0,1,0.5000433095419583,0,2,1,0,1,0,0,0,1,0
55,65.0,0,1,0,0,0,0,0,0,0,1,0,0,1,0,0,1,2.058285981567459,1,1,0,1,0,0,0,1,0,0
56,40.0,0,0,1,0,0,0,0,0,0,0,0,1,0,1,0,0,0.9114839581456586,0,1,0,1,0,0,0,1,0,0
57,21.0,0,0,0,0,0,0,0,1,0,0,0,1,0,1,0,0,-0.1712545908114476,0,2,1,0,0,0,1,0,0,0
58,28.5,0,0,0,0,0,0,0,1,0,1,0,0,0,1,0,0,-0.3129114406486037,0,3,0,1,0,0,0,1,0,0
59,5.0,0,0,0,0,0,0,0,1,0,0,0,1,3,0,0,1,0.5758350079689557,2,2,1,0,1,0,1,0,0,0
60,11.0,0,0,0,0,0,0,0,1,0,0,0,1,7,0,1,0,1.405212736470099,2,3,0,1,5,1,0,0,0,0
61,22.0,0,0,0,0,0,0,0,1,0,1,0,0,0,1,0,0,-0.3129114406486037,0,3,0,1,0,0,0,1,0,0
62,38.0,0,1,0,0,0,0,0,0,0,0,0,1,0,1,0,0,2.8387585752893076,0,1,1,0,0,0,1,0,0,0
63,45.0,0,0,1,0,0,0,0,0,0,0,0,1,1,0,0,1,2.9892592335943453,0,1,0,1,1,0,0,1,0,0
64,4.0,0,0,0,0,0,0,0,1,0,0,0,1,5,0,1,0,0.5823314392626983,2,3,0,1,3,1,0,0,0,0
65,40.0,0,0,0,0,0,0,0,1,0,1,0,0,0,1,0,0,0.5745703693437738,0,1,0,1,0,0,0,1,0,0
66,25.0,0,0,0,0,0,0,0,1,0,1,0,0,2,0,0,1,0.03428383341417777,1,3,0,1,1,1,0,0,0,0
67,29.0,0,0,0,0,0,1,0,0,0,0,0,1,0,1,0,0,-0.1712545908114476,0,2,1,0,0,0,0,0,1,0
68,19.0,0,0,0,0,0,0,0,1,0,0,0,1,0,1,0,0,-0.27267254521516177,0,3,0,1,0,0,0,1,0,0
69,17.0,0,0,0,0,0,0,0,1,0,0,0,1,6,0,1,0,-0.2827766613540295,2,3,1,0,4,0,1,0,0,0
70,26.0,0,0,0,0,0,0,0,1,0,0,0,1,2,0,0,1,-0.2508358741597949,0,3,0,1,2,0,0,1,0,0
71,32.0,0,0,0,0,0,0,0,1,0,0,0,1,0,1,0,0,-0.1712545908114476,0,2,0,1,0,0,0,1,0,0
72,16.0,0,0,0,0,0,0,0,1,0,0,0,1,7,0,1,0,1.405212736470099,2,3,1,0,5,0,1,0,0,0
73,21.0,0,0,0,0,0,0,0,1,0,0,0,1,0,1,0,0,2.55724655256046,0,2,0,1,0,0,0,1,0,0
74,26.0,0,0,0,0,0,0,0,1,0,1,0,0,1,0,0,1,0.0,0,3,0,1,1,0,0,1,0,0
75,32.0,0,0,0,0,0,0,0,1,0,0,0,1,0,1,0,0,1.8208024391934032,0,3,0,1,0,0,0,1,0,0
76,25.0,0,0,0,0,0,1,0,0,0,0,0,1,0,1,0,0,-0.29468678539255766,0,3,0,1,0,0,0,1,0,0
77,25.0,0,0,0,0,0,0,0,1,0,0,0,1,0,1,0,0,-0.2840412999792114,0,3,0,1,0,0,0,1,0,0
78,25.0,0,0,0,0,0,0,0,1,0,0,0,1,0,1,0,0,-0.277362968609244,0,3,0,1,0,0,0,1,0,0
79,0.83,0,0,0,0,0,0,0,1,0,0,0,1,2,0,0,1,0.629971935416811,2,2,0,1,0,1,0,0,0,0
80,30.0,0,0,0,0,0,0,0,1,0,0,0,1,0,1,0,0,-0.0857182454438362,0,3,1,0,0,0,1,0,0,0
81,22.0,0,0,0,0,0,0,0,1,0,0,0,1,0,1,0,0,-0.23621890374887394,0,3,0,1,0,0,0,1,0,0
82,29.0,0,0,0,0,0,0,0,1,0,0,0,1,0,1,0,0,-0.21456413276973182,0,3,0,1,0,0,0,1,0,0
83,21.5,0,0,0,0,0,0,0,1,0,0,1,0,0,1,0,0,-0.2887317233732936,0,3,1,0,0,0,1,0,0,0
84,28.0,0,0,0,0,0,0,0,1,0,0,0,1,0,1,0,0,1.4138746448617558,0,1,0,1,0,0,0,1,0,0
85,17.0,0,0,0,0,0,0,0,1,0,0,0,1,0,1,0,0,-0.1712545908114476,0,2,1,0,0,0,1,0,0,0
86,33.0,0,0,0,0,0,0,0,1,0,0,0,1,3,0,0,1,0.06045145866537313,0,3,1,0,3,0,0,0,1,0
87,16.0,0,0,0,0,0,0,0,1,0,0,0,1,4,0,1,0,0.8627607234425888,3,3,0,1,1,0,0,1,0,0
88,25.0,0,0,0,0,0,0,0,1,0,0,0,1,0,1,0,0,-0.277362968609244,0,3,0,1,0,0,0,1,0,0
89,23.0,0,0,1,0,0,0,0,0,0,0,0,1,5,0,1,0,10.764404753655324,2,1,1,0,3,0,1,0,0,0
90,24.0,0,0,0,0,0,0,0,1,0,0,0,1,0,1,0,0,-0.277362968609244,0,3,0,1,0,0,0,1,0,0
91,29.0,0,0,0,0,0,0,0,1,0,0,0,1,0,1,0,0,-0.277362968609244,0,3,0,1,0,0,0,1,0,0
92,20.0,0,0,0,0,0,0,0,1,0,0,0,1,0,1,0,0,-0.2858429769246761,0,3,0,1,0,0,0,1,0,0
93,46.0,0,0,0,0,1,0,0,0,0,0,0,1,1,0,0,1,2.0234564479246067,0,1,0,1,1,0,0,1,0,0
94,26.0,0,0,0,0,0,0,0,1,0,0,0,1,3,0,0,1,0.2650890444182662,2,3,0,1,1,0,0,1,0,0
95,59.0,0,0,0,0,0,0,0,1,0,0,0,1,0,1,0,0,-0.3120106021758714,0,3,0,1,0,0,0,1,0,0
96,25.0,0,0,0,0,0,0,0,1,0,0,0,1,0,1,0,0,-0.277362968609244,0,3,0,1,0,0,0,1,0,0
97,71.0,1,0,0,0,0,0,0,0,0,1,0,0,0,1,0,0,0.8748527475573419,0,1,0,1,0,0,0,1,0,0
98,23.0,0,0,0,1,0,0,0,0,0,1,0,0,1,0,0,1,2.1180141708821285,1,1,0,1,0,0,0,1,0,0
99,34.0,0,0,0,0,0,0,0,1,0,0,0,1,1,0,0,1,0.37011468366710554,1,2,1,0,0,0,0,0,1,0
100,34.0,0,0,0,0,0,0,0,1,0,0,0,1,1,0,0,1,0.5000433095419583,0,2,0,1,1,0,0,1,0,0
101,28.0,0,0,0,0,0,0,0,1,0,0,0,1,0,1,0,0,-0.2840412999792114,0,3,1,0,0,0,1,0,0,0
102,25.0,0,0,0,0,0,0,0,1,0,0,0,1,0,1,0,0,-0.2840412999792114,0,3,0,1,0,0,0,1,0,0
103,21.0,0,0,0,1,0,0,0,0,0,0,0,1,1,0,0,1,2.721281442727461,1,1,0,1,0,0,0,1,0,0
104,33.0,0,0,0,0,0,0,0,1,0,0,0,1,0,1,0,0,-0.25119534335804866,0,3,0,1,0,0,0,1,0,0
105,37.0,0,0,0,0,0,0,0,1,0,0,0,1,2,0,0,1,-0.2827766613540295,0,3,0,1,2,0,0,1,0,0
106,28.0,0,0,0,0,0,0,0,1,0,0,0,1,0,1,0,0,-0.2840412999792114,0,3,0,1,0,0,0,1,0,0
107,21.0,0,0,0,0,0,0,0,1,0,0,0,1,0,1,0,0,-0.29468678539255766,0,3,1,0,0,0,1,0,0,0
108,25.0,0,0,0,0,0,0,0,1,0,0,0,1,0,1,0,0,-0.2892730926477721,0,3,0,1,0,0,0,1,0,0
109,38.0,0,0,0,0,0,0,0,1,0,0,0,1,0,1,0,0,-0.2840412999792114,0,3,0,1,0,0,0,1,0,0
110,21.5,0,0,0,0,0,0,0,1,0,0,1,0,1,0,0,1,0.41992065691913233,0,3,1,0,1,0,1,0,0,0
111,47.0,0,0,1,0,0,0,0,0,0,0,0,1,0,1,0,0,1.6260914004573488,0,1,0,1,0,0,0,1,0,0
112,14.5,0,0,0,0,0,0,0,1,0,1,0,0,1,0,0,1,0.0,0,3,1,0,1,0,1,0,0,0
113,22.0,0,0,0,0,0,0,0,1,0,0,0,1,0,1,0,0,-0.277362968609244,0,3,0,1,0,0,0,1,0,0
114,20.0,0,0,0,0,0,0,0,1,0,0,0,1,1,0,0,1,-0.20048853163328947,0,3,1,0,1,0,1,0,0,0
115,17.0,0,0,0,0,0,0,0,1,0,1,0,0,0,1,0,0,0.00017756912202893625,0,3,1,0,0,0,1,0,0,0
116,21.0,0,0,0,0,0,0,0,1,0,0,0,1,0,1,0,0,-0.2827766613540295,0,3,0,1,0,0,0,1,0,0
117,70.5,0,0,0,0,0,0,0,1,0,0,1,0,0,1,0,0,-0.29035583119672925,0,3,0,1,0,0,0,1,0,0
118,29.0,0,0,0,0,0,0,0,1,0,0,0,1,1,0,0,1,0.283495599750537,0,2,0,1,1,0,0,1,0,0
119,24.0,0,1,0,0,0,0,0,0,0,1,0,0,1,0,0,1,10.094007691774651,1,1,0,1,0,0,0,1,0,0
120,2.0,0,0,0,0,0,0,0,1,0,0,0,1,6,0,1,0,0.7285011433719076,2,3,1,0,4,0,1,0,0,0
121,21.0,0,0,0,0,0,0,0,1,0,0,0,1,2,0,0,1,2.55724655256046,0,2,0,1,2,0,0,1,0,0
122,25.0,0,0,0,0,0,0,0,1,0,0,0,1,0,1,0,0,-0.277362968609244,0,3,0,1,0,0,0,1,0,0
123,32.5,0,0,0,0,0,0,0,1,0,1,0,0,1,0,0,1,0.6763477929457417,0,2,0,1,1,0,0,1,0,0
124,32.5,0,0,0,0,1,0,0,0,0,0,0,1,0,1,0,0,-0.06298073591573695,0,2,1,0,0,0,1,0,0,0
125,54.0,0,0,0,1,0,0,0,0,0,0,0,1,1,0,0,1,2.721281442727461,1,1,0,1,0,0,0,1,0,0
126,12.0,0,0,0,0,0,0,0,1,0,1,0,0,1,0,0,1,-0.13913190354098817,0,3,0,1,1,1,0,0,0,0
127,25.0,0,0,0,0,0,0,0,1,0,0,1,0,0,1,0,0,-0.29035583119672925,0,3,0,1,0,0,0,1,0,0
128,24.0,0,0,0,0,0,0,0,1,0,0,0,1,0,1,0,0,-0.31670102556995355,0,3,0,1,0,0,0,1,0,0
129,21.5,0,0,0,0,0,1,0,0,0,1,0,0,2,0,0,1,0.34232295059247453,1,3,1,0,1,0,1,0,0,0
130,45.0,0,0,0,0,0,0,0,1,0,0,0,1,0,1,0,0,-0.32392072621439955,0,3,0,1,0,0,0,1,0,0
131,33.0,0,0,0,0,0,0,0,1,0,1,0,0,0,1,0,0,-0.2840412999792114,0,3,0,1,0,0,0,1,0,0
132,20.0,0,0,0,0,0,0,0,1,0,0,0,1,0,1,0,0,-0.32067251056752827,0,3,0,1,0,0,0,1,0,0
133,47.0,0,0,0,0,0,0,0,1,0,0,0,1,1,0,0,1,0.001983577021689412,0,3,1,0,1,0,0,0,1,0
134,29.0,0,0,0,0,0,0,0,1,0,0,0,1,1,0,0,1,0.5000433095419583,0,2,1,0,1,0,0,0,1,0
135,25.0,0,0,0,0,0,0,0,1,0,0,0,1,0,1,0,0,-0.06298073591573695,0,2,0,1,0,0,0,1,0,0
136,23.0,0,0,0,0,0,0,0,1,0,1,0,0,0,1,0,0,0.025621925022520947,0,2,0,1,0,0,0,1,0,0
137,19.0,0,0,0,1,0,0,0,0,0,0,0,1,2,0,0,1,0.5123129027787402,2,1,1,0,0,0,1,0,0,0
138,37.0,0,0,1,0,0,0,0,0,0,0,0,1,1,0,0,1,1.6737318966114614,0,1,0,1,1,0,0,1,0,0
139,16.0,0,0,0,0,0,0,0,1,0,0,0,1,0,1,0,0,-0.22683372600651378,0,3,0,1,0,0,0,1,0,0
140,24.0,0,1,0,0,0,0,0,0,0,1,0,0,0,1,0,0,2.8041109417226804,0,1,0,1,0,0,0,1,0,0
141,21.5,0,0,0,0,0,0,0,1,0,1,0,0,2,0,0,1,0.03428383341417777,2,3,1,0,0,0,0,0,1,0
142,22.0,0,0,0,0,0,0,0,1,0,0,0,1,0,1,0,0,-0.29035583119672925,0,3,1,0,0,0,1,0,0,0
143,24.0,0,0,0,0,0,0,0,1,0,0,0,1,1,0,0,1,0.06045145866537313,0,3,1,0,1,0,0,0,1,0
144,19.0,0,0,0,0,0,0,0,1,0,0,1,0,0,1,0,0,-0.3336653731550135,0,3,0,1,0,0,0,1,0,0
145,18.0,0,0,0,0,0,0,0,1,0,0,0,1,0,1,0,0,-0.12794504885316332,0,2,0,1,0,0,0,1,0,0
146,19.0,0,0,0,0,0,0,0,1,0,0,0,1,2,0,0,1,0.9656208855935139,1,2,0,1,1,0,0,1,0,0
147,27.0,0,0,0,0,0,0,0,1,0,0,0,1,0,1,0,0,-0.28837225417503987,0,3,0,1,0,0,0,1,0,0
148,9.0,0,0,0,0,0,0,0,1,0,0,0,1,4,0,1,0,0.8627607234425888,2,3,1,0,2,0,1,0,0,0
149,36.5,0,0,0,0,0,1,0,0,0,0,0,1,2,0,0,1,0.5000433095419583,2,2,0,1,0,0,0,1,0,0
150,42.0,0,0,0,0,0,0,0,1,0,0,0,1,0,1,0,0,-0.06298073591573695,0,2,0,1,0,0,0,0,0,1
151,51.0,0,0,0,0,0,0,0,1,0,0,0,1,0,1,0,0,-0.08355276834592196,0,2,0,1,0,0,0,0,0,1
152,22.0,0,0,1,0,0,0,0,0,0,0,0,1,1,0,0,1,2.2584107130482987,0,1,1,0,1,0,0,0,1,0
153,55.5,0,0,0,0,0,0,0,1,0,0,0,1,0,1,0,0,-0.277362968609244,0,3,0,1,0,0,0,1,0,0
154,40.5,0,0,0,0,0,0,0,1,0,0,0,1,2,0,0,1,0.001983577021689412,2,3,0,1,0,0,0,1,0,0
155,25.0,0,0,0,0,0,0,0,1,0,0,0,1,0,1,0,0,-0.30930375580347863,0,3,0,1,0,0,0,1,0,0
156,51.0,0,0,0,0,0,0,0,1,0,1,0,0,1,0,0,1,2.0323002563924883,1,1,0,1,0,0,0,1,0,0
157,16.0,0,0,0,0,0,0,0,1,0,0,1,0,0,1,0,0,-0.29107910054743263,0,3,1,0,0,0,1,0,0,0
158,30.0,0,0,0,0,0,0,0,1,0,0,0,1,0,1,0,0,-0.277362968609244,0,3,0,1,0,0,0,1,0,0
159,25.0,0,0,0,0,0,0,0,1,0,0,0,1,0,1,0,0,-0.2508358741597949,0,3,0,1,0,0,0,1,0,0
160,25.0,0,0,0,0,0,0,0,1,0,0,0,1,10,0,1,0,2.3861738618252373,2,3,0,1,8,1,0,0,0,0
161,44.0,0,0,0,0,0,0,0,1,0,0,0,1,1,0,0,1,0.07127884415494427,1,3,0,1,0,0,0,1,0,0
162,40.0,0,0,0,0,0,0,0,1,0,0,0,1,0,1,0,0,0.056120504469544724,0,2,1,0,0,0,0,0,1,0
163,26.0,0,0,0,0,0,0,0,1,0,0,0,1,0,1,0,0,-0.2892730926477721,0,3,0,1,0,0,0,1,0,0
164,17.0,0,0,0,0,0,0,0,1,0,0,0,1,0,1,0,0,-0.2508358741597949,0,3,0,1,0,0,0,1,0,0
165,1.0,0,0,0,0,0,0,0,1,0,0,0,1,5,0,1,0,1.092842665095974,1,3,0,1,4,1,0,0,0,0
166,9.0,0,0,0,0,0,0,0,1,0,0,0,1,2,0,0,1,0.26292356732035194,2,3,0,1,0,1,0,0,0,0
167,35.0,0,0,0,0,1,0,0,0,0,0,0,1,1,0,0,1,1.7560200263322014,1,1,1,0,0,0,0,0,1,0
168,45.0,0,0,0,0,0,0,0,1,0,0,0,1,5,0,1,0,0.5823314392626983,4,3,1,0,1,0,0,0,1,0
169,40.0,0,0,0,0,0,0,0,1,0,0,0,1,0,1,0,0,0.49679509389508697,0,1,0,1,0,0,0,1,0,0
170,28.0,0,0,0,0,0,0,0,1,0,0,0,1,0,1,0,0,1.8208024391934032,0,3,0,1,0,0,0,1,0,0
171,61.0,0,1,0,0,0,0,0,0,0,0,0,1,0,1,0,0,0.8248648742290902,0,1,0,1,0,0,0,1,0,0
172,4.0,0,0,0,0,0,0,0,1,0,0,1,0,5,0,1,0,0.6353856281615965,1,3,0,1,4,1,0,0,0,0
173,1.0,0,0,0,0,0,0,0,1,0,0,0,1,2,0,0,1,-0.14382665788926616,1,3,1,0,1,0,1,0,0,0
174,21.0,0,0,0,0,0,0,0,1,0,0,0,1,0,1,0,0,-0.2827766613540295,0,3,0,1,0,0,0,1,0,0
175,56.0,1,0,0,0,0,0,0,0,0,1,0,0,0,1,0,0,0.7034162566696693,0,1,0,1,0,0,0,1,0,0
176,18.0,0,0,0,0,0,0,0,1,0,0,0,1,2,0,0,1,-0.2858429769246761,1,3,0,1,1,0,0,1,0,0
177,25.0,0,0,0,0,0,0,0,1,0,0,0,1,4,0,1,0,0.4769463308156052,1,3,0,1,3,1,0,0,0,0
178,50.0,0,0,1,0,0,0,0,0,0,1,0,0,0,1,0,0,0.6175204421038042,0,1,1,0,0,0,1,0,0,0
179,30.0,0,0,0,0,0,0,0,1,0,0,0,1,0,1,0,0,-0.06298073591573695,0,2,0,1,0,0,0,1,0,0
180,36.0,0,0,0,0,0,0,0,1,0,0,0,1,0,1,0,0,-0.6260047813734322,0,3,0,1,0,0,0,1,0,0
181,21.5,0,0,0,0,0,0,0,1,0,0,0,1,10,0,1,0,2.3861738618252373,2,3,1,0,8,0,1,0,0,0
182,30.0,0,0,0,0,0,0,0,1,0,1,0,0,0,1,0,0,0.025803825098745778,0,2,0,1,0,0,0,1,0,0
183,9.0,0,0,0,0,0,0,0,1,0,0,0,1,6,0,1,0,0.7333734668422146,2,3,0,1,4,1,0,0,0,0
184,1.0,0,0,0,0,0,1,0,0,0,0,0,1,3,0,0,1,1.0630673549996534,1,2,0,1,2,1,0,0,0,0
185,4.0,0,0,0,0,0,0,0,1,0,0,0,1,2,0,0,1,0.3278878802577783,2,3,1,0,0,0,1,0,0,0
186,40.0,1,0,0,0,0,0,0,0,0,0,0,1,0,1,0,0,1.5394723165407802,0,1,0,1,0,0,0,1,0,0
187,21.5,0,0,0,0,0,0,0,1,0,0,1,0,1,0,0,1,0.04529311897997366,0,3,1,0,1,0,0,0,1,0
188,45.0,0,0,0,0,0,0,0,1,0,0,0,1,0,1,0,0,0.5238635576190146,0,1,0,1,0,0,0,1,0,0
189,40.0,0,0,0,0,0,0,0,1,0,0,1,0,2,0,0,1,0.04529311897997366,1,3,0,1,1,0,0,1,0,0
190,36.0,0,0,0,0,0,0,0,1,0,0,0,1,0,1,0,0,-0.2840412999792114,0,3,0,1,0,0,0,1,0,0
191,32.0,0,0,0,0,0,0,0,1,0,0,0,1,0,1,0,0,-0.06298073591573695,0,2,1,0,0,0,0,0,1,0
192,19.0,0,0,0,0,0,0,0,1,0,0,0,1,0,1,0,0,-0.06298073591573695,0,2,0,1,0,0,0,1,0,0
193,19.0,0,0,0,0,0,0,0,1,0,0,0,1,1,0,0,1,-0.2858429769246761,0,3,1,0,1,0,1,0,0,0
194,3.0,0,0,0,0,0,1,0,0,0,0,0,1,2,0,0,1,0.5000433095419583,1,2,0,1,1,1,0,0,0,0
195,44.0,0,1,0,0,0,0,0,0,0,1,0,0,0,1,0,0,0.5745703693437738,0,1,1,0,0,0,0,0,1,0
196,58.0,0,1,0,0,0,0,0,0,0,1,0,0,0,1,0,0,5.719743953987942,0,1,1,0,0,0,1,0,0,0
197,25.0,0,0,0,0,0,0,0,1,0,0,1,0,0,1,0,0,-0.29035583119672925,0,3,0,1,0,0,0,1,0,0
198,42.0,0,0,0,0,0,0,0,1,0,0,0,1,1,0,0,1,-0.26202272884761973,1,3,0,1,0,0,0,1,0,0
199,21.5,0,0,0,0,0,0,0,1,0,0,1,0,0,1,0,0,-0.29035583119672925,0,3,1,0,0,0,1,0,0,0
200,24.0,0,0,0,0,0,0,0,1,0,0,0,1,0,1,0,0,-0.06298073591573695,0,2,1,0,0,0,1,0,0,0
201,28.0,0,0,0,0,0,0,0,1,0,0,0,1,0,1,0,0,-0.21456413276973182,0,3,0,1,0,0,0,1,0,0
202,25.0,0,0,0,0,0,0,0,1,0,0,0,1,10,0,1,0,2.3861738618252373,2,3,0,1,8,0,0,1,0,0
203,34.0,0,0,0,0,0,0,0,1,0,0,0,1,0,1,0,0,-0.3446746587208094,0,3,0,1,0,0,0,1,0,0
204,45.5,0,0,0,0,0,0,0,1,0,1,0,0,0,1,0,0,-0.31309334072482853,0,3,0,1,0,0,0,1,0,0
205,18.0,0,0,0,0,0,0,0,1,0,0,0,1,0,1,0,0,-0.277362968609244,0,3,0,1,0,0,0,1,0,0
206,2.0,0,0,0,0,0,0,1,0,0,0,0,1,1,0,0,1,-0.17287869863488323,1,3,1,0,0,0,1,0,0,0
207,32.0,0,0,0,0,0,0,0,1,0,0,0,1,1,0,0,1,0.06045145866537313,0,3,0,1,1,0,0,1,0,0
208,26.0,0,0,0,0,0,0,0,1,0,1,0,0,0,1,0,0,0.18767323816783318,0,3,0,1,0,0,0,1,0,0
209,16.0,0,0,0,0,0,0,0,1,0,0,1,0,0,1,0,0,-0.29035583119672925,0,3,1,0,0,0,1,0,0,0
210,40.0,1,0,0,0,0,0,0,0,0,1,0,0,0,1,0,0,0.7165910193333795,0,1,0,1,0,0,0,1,0,0
211,24.0,0,0,0,0,0,0,0,1,0,0,0,1,0,1,0,0,-0.32067251056752827,0,3,0,1,0,0,0,1,0,0
212,35.0,0,0,0,0,0,0,0,1,0,0,0,1,0,1,0,0,0.283495599750537,0,2,1,0,0,0,1,0,0,0
213,22.0,0,0,0,0,0,0,0,1,0,0,0,1,0,1,0,0,-0.3120106021758714,0,3,0,1,0,0,0,1,0,0
214,30.0,0,0,0,0,0,0,0,1,0,0,0,1,0,1,0,0,-0.06298073591573695,0,2,0,1,0,0,0,1,0,0
215,25.0,0,0,0,0,0,0,0,1,0,0,1,0,1,0,0,1,-0.29035583119672925,0,3,0,1,1,0,0,1,0,0
216,31.0,0,0,0,1,0,0,0,0,0,1,0,0,1,0,0,1,4.279883583951216,0,1,1,0,1,0,1,0,0,0
217,27.0,0,0,0,0,0,0,0,1,0,0,0,1,0,1,0,0,-0.2827766613540295,0,3,1,0,0,0,1,0,0,0
218,42.0,0,0,0,0,0,0,0,1,0,0,0,1,1,0,0,1,0.5433528515002425,0,2,0,1,1,0,0,1,0,0
219,32.0,0,0,0,1,0,0,0,0,0,1,0,0,0,1,0,0,2.6781538008454024,0,1,1,0,0,0,1,0,0,0
220,30.0,0,0,0,0,0,0,0,1,0,0,0,1,0,1,0,0,-0.1712545908114476,0,2,0,1,0,0,0,1,0,0
221,16.0,0,0,0,0,0,0,0,1,0,0,0,1,0,1,0,0,-0.277362968609244,0,3,0,1,0,0,0,1,0,0
222,27.0,0,0,0,0,0,0,0,1,0,0,0,1,0,1,0,0,-0.06298073591573695,0,2,0,1,0,0,0,1,0,0
223,51.0,0,0,0,0,0,0,0,1,0,0,0,1,0,1,0,0,-0.277362968609244,0,3,0,1,0,0,0,1,0,0
224,25.0,0,0,0,0,0,0,0,1,0,0,0,1,0,1,0,0,-0.2840412999792114,0,3,0,1,0,0,0,1,0,0
225,38.0,0,0,1,0,0,0,0,0,0,0,0,1,1,0,0,1,3.27185399487215,0,1,0,1,1,0,0,1,0,0
226,22.0,0,0,0,0,0,0,0,1,0,0,0,1,0,1,0,0,-0.2210605640634745,0,3,0,1,0,0,0,1,0,0
227,19.0,0,0,0,0,0,0,0,1,0,0,0,1,0,1,0,0,-0.1712545908114476,0,2,0,1,0,0,0,1,0,0
228,20.5,0,0,0,0,0,0,0,1,0,0,0,1,0,1,0,0,-0.3120106021758714,0,3,0,1,0,0,0,1,0,0
229,18.0,0,0,0,0,0,0,0,1,0,0,0,1,0,1,0,0,-0.06298073591573695,0,2,0,1,0,0,0,1,0,0
230,21.5,0,0,0,0,0,0,0,1,0,0,0,1,4,0,1,0,0.4769463308156052,1,3,1,0,3,0,1,0,0,0
231,35.0,0,0,1,0,0,0,0,0,0,0,0,1,1,0,0,1,2.9892592335943453,0,1,1,0,1,0,0,0,1,0
232,29.0,0,0,0,0,0,0,0,1,0,0,0,1,0,1,0,0,-0.2892730926477721,0,3,0,1,0,0,0,1,0,0
233,59.0,0,0,0,0,0,0,0,1,0,0,0,1,0,1,0,0,-0.041325964936594836,0,2,0,1,0,0,0,1,0,0
234,5.0,0,0,0,0,0,0,0,1,0,0,0,1,6,0,1,0,0.7333734668422146,2,3,1,0,4,0,1,0,0,0
235,24.0,0,0,0,0,0,0,0,1,0,0,0,1,0,1,0,0,-0.1712545908114476,0,2,0,1,0,0,0,1,0,0
236,21.5,0,0,0,0,0,0,0,1,0,0,0,1,0,1,0,0,-0.2990177395883861,0,3,1,0,0,0,1,0,0,0
237,44.0,0,0,0,0,0,0,0,1,0,0,0,1,1,0,0,1,0.5000433095419583,0,2,0,1,1,0,0,1,0,0
238,8.0,0,0,0,0,0,0,0,1,0,0,0,1,2,0,0,1,0.5108706950315294,2,2,1,0,0,0,1,0,0,0
239,19.0,0,0,0,0,0,0,0,1,0,0,0,1,0,1,0,0,-0.1712545908114476,0,2,0,1,0,0,0,1,0,0
240,33.0,0,0,0,0,0,0,0,1,0,0,0,1,0,1,0,0,-0.09438015383549303,0,2,0,1,0,0,0,1,0,0
241,21.5,0,0,0,0,0,0,0,1,0,1,0,0,1,0,0,1,0.0,0,3,1,0,1,0,1,0,0,0
242,21.5,0,0,0,0,0,0,0,1,0,0,1,0,1,0,0,1,0.04529311897997366,0,3,1,0,1,0,1,0,0,0
243,29.0,0,0,0,0,0,0,0,1,0,0,0,1,0,1,0,0,-0.1712545908114476,0,2,0,1,0,0,0,1,0,0
244,22.0,0,0,0,0,0,0,0,1,0,0,0,1,0,1,0,0,-0.31742429492065694,0,3,0,1,0,0,0,1,0,0
245,30.0,0,0,0,0,0,0,0,1,0,1,0,0,0,1,0,0,-0.31309334072482853,0,3,0,1,0,0,0,1,0,0
246,44.0,0,0,1,0,0,0,0,0,0,0,1,0,2,0,0,1,3.27185399487215,0,1,0,1,2,0,0,0,0,1
247,25.0,0,0,0,0,0,0,0,1,0,0,0,1,0,1,0,0,-0.2892730926477721,0,3,1,0,0,0,1,0,0,0
248,24.0,0,0,0,0,0,0,0,1,0,0,0,1,2,0,0,1,0.001983577021689412,2,2,1,0,0,0,0,0,1,0
249,37.0,0,0,0,1,0,0,0,0,0,0,0,1,2,0,0,1,1.6500935486106298,1,1,0,1,1,0,0,1,0,0
250,54.0,0,0,0,0,0,0,0,1,0,0,0,1,1,0,0,1,0.5000433095419583,0,2,0,1,1,0,0,0,0,1
251,25.0,0,0,0,0,0,0,0,1,0,0,0,1,0,1,0,0,-0.3120106021758714,0,3,0,1,0,0,0,1,0,0
252,29.0,0,0,0,0,0,0,1,0,0,0,0,1,2,0,0,1,-0.17287869863488323,1,3,1,0,1,0,0,0,1,0
253,62.0,0,0,1,0,0,0,0,0,0,0,0,1,0,1,0,0,0.5238635576190146,0,1,0,1,0,0,0,1,0,0
254,30.0,0,0,0,0,0,0,0,1,0,0,0,1,1,0,0,1,0.07127884415494427,0,3,0,1,1,0,0,1,0,0
255,41.0,0,0,0,0,0,0,0,1,0,0,0,1,2,0,0,1,0.24938933545838812,2,3,1,0,0,0,0,0,1,0
256,29.0,0,0,0,0,0,0,0,1,0,1,0,0,2,0,0,1,0.03428383341417777,2,3,1,0,0,0,0,0,1,0
257,35.0,0,0,0,0,0,0,0,1,0,1,0,0,0,1,0,0,2.8041109417226804,0,1,1,0,0,0,0,0,1,0
258,30.0,0,1,0,0,0,0,0,0,0,0,0,1,0,1,0,0,3.120270598018155,0,1,1,0,0,0,1,0,0,0
259,35.0,0,0,0,0,0,0,0,1,0,1,0,0,0,1,0,0,21.56273820248077,0,1,1,0,0,0,1,0,0,0
260,50.0,0,0,0,0,0,0,0,1,0,0,0,1,1,0,0,1,0.5000433095419583,1,2,1,0,0,0,0,0,1,0
261,25.0,0,0,0,0,0,0,0,1,0,0,1,0,0,1,0,0,-0.29035583119672925,0,3,0,1,0,0,0,1,0,0
262,3.0,0,0,0,0,0,0,0,1,0,0,0,1,6,0,1,0,0.7333734668422146,2,3,0,1,4,1,0,0,0,0
263,52.0,0,0,0,0,1,0,0,0,0,0,0,1,2,0,0,1,2.8236002356039083,1,1,0,1,1,0,0,1,0,0
264,40.0,0,1,0,0,0,0,0,0,0,0,0,1,0,1,0,0,-0.6260047813734322,0,1,0,1,0,0,0,1,0,0
265,21.5,0,0,0,0,0,0,0,1,0,0,1,0,0,1,0,0,-0.29035583119672925,0,3,1,0,0,0,1,0,0,0
266,36.0,0,0,0,0,0,0,0,1,0,0,0,1,0,1,0,0,-0.1712545908114476,0,2,0,1,0,0,0,1,0,0
267,16.0,0,0,0,0,0,0,0,1,0,0,0,1,5,0,1,0,1.092842665095974,1,3,0,1,4,0,0,1,0,0
268,25.0,0,0,0,0,0,0,0,1,0,0,0,1,1,0,0,1,-0.2892730926477721,0,3,0,1,1,0,0,1,0,0
269,58.0,0,0,1,0,0,0,0,0,0,0,0,1,1,0,0,1,6.020385801399765,1,1,1,0,0,0,0,0,1,0
270,35.0,0,0,1,0,0,0,0,0,0,0,0,1,0,1,0,0,5.248211315917122,0,1,1,0,0,0,1,0,0,0
271,40.0,0,0,0,0,0,0,0,1,0,0,0,1,0,1,0,0,0.7165910193333795,0,1,0,1,0,0,0,1,0,0
272,25.0,0,0,0,0,0,0,0,1,0,0,0,1,0,1,0,0,-0.6260047813734322,0,3,0,1,0,0,0,1,0,0
273,41.0,0,0,0,0,0,0,0,1,0,0,0,1,1,0,0,1,0.21853128681311065,1,2,1,0,0,0,0,0,1,0
274,37.0,0,0,1,0,0,0,0,0,0,1,0,0,1,0,0,1,0.6602886147876099,1,1,0,1,0,0,0,1,0,0
275,21.5,0,0,0,0,0,0,0,1,0,0,1,0,0,1,0,0,-0.29035583119672925,0,3,1,0,0,0,1,0,0,0
276,63.0,0,0,0,1,0,0,0,0,0,0,0,1,1,0,0,1,2.7503334834730784,0,1,1,0,1,0,1,0,0,0
277,45.0,0,0,0,0,0,0,0,1,0,0,0,1,0,1,0,0,-0.29035583119672925,0,3,1,0,0,0,1,0,0,0
278,30.0,0,0,0,0,0,0,0,1,0,0,0,1,0,1,0,0,-0.6260047813734322,0,2,0,1,0,0,0,1,0,0
279,7.0,0,0,0,0,0,0,0,1,0,0,1,0,5,0,1,0,0.6353856281615965,1,3,0,1,4,1,0,0,0,0
280,35.0,0,0,0,0,0,0,0,1,0,0,0,1,2,0,0,1,0.25101344328182384,1,3,1,0,1,0,0,0,1,0
281,65.0,0,0,0,0,0,0,0,1,0,0,1,0,0,1,0,0,-0.29035583119672925,0,3,0,1,0,0,0,1,0,0
282,28.0,0,0,0,0,0,0,0,1,0,0,0,1,0,1,0,0,-0.2858429769246761,0,3,0,1,0,0,0,1,0,0
283,16.0,0,0,0,0,0,0,0,1,0,0,0,1,0,1,0,0,-0.21456413276973182,0,3,0,1,0,0,0,1,0,0
284,19.0,0,0,0,0,0,0,0,1,0,0,0,1,0,1,0,0,-0.277362968609244,0,3,0,1,0,0,0,1,0,0
285,40.0,1,0,0,0,0,0,0,0,0,0,0,1,0,1,0,0,0.5000433095419583,0,1,0,1,0,0,0,1,0,0
286,33.0,0,0,0,0,0,0,0,1,0,1,0,0,0,1,0,0,-0.2508358741597949,0,3,0,1,0,0,0,1,0,0
287,30.0,0,0,0,0,0,0,0,1,0,0,0,1,0,1,0,0,-0.21456413276973182,0,3,0,1,0,0,0,1,0,0
288,22.0,0,0,0,0,0,0,0,1,0,0,0,1,0,1,0,0,-0.2840412999792114,0,3,0,1,0,0,0,1,0,0
289,42.0,0,0,0,0,0,0,0,1,0,0,0,1,0,1,0,0,-0.06298073591573695,0,2,0,1,0,0,0,1,0,0
290,22.0,0,0,0,0,0,0,0,1,0,0,1,0,0,1,0,0,-0.29035583119672925,0,3,1,0,0,0,1,0,0,0
291,26.0,0,0,0,0,0,0,0,1,0,0,0,1,0,1,0,0,2.7889526020372806,0,1,1,0,0,0,1,0,0,0
292,19.0,0,1,0,0,0,0,0,0,0,1,0,0,1,0,0,1,3.3185936525535307,0,1,1,0,1,0,0,0,1,0
293,36.0,0,0,0,1,0,0,0,0,0,1,0,0,0,1,0,0,-0.06839442866052249,0,2,0,1,0,0,0,1,0,0
294,24.0,0,0,0,0,0,0,0,1,0,0,0,1,0,1,0,0,-0.2427153350426166,0,3,1,0,0,0,1,0,0,0
295,24.0,0,0,0,0,0,0,0,1,0,0,0,1,0,1,0,0,-0.2840412999792114,0,3,0,1,0,0,0,1,0,0
296,40.0,0,0,0,0,0,0,0,1,0,1,0,0,0,1,0,0,0.5745703693437738,0,1,0,1,0,0,0,1,0,0
297,23.5,0,0,0,0,0,0,0,1,0,1,0,0,0,1,0,0,-0.3129114406486037,0,3,0,1,0,0,0,1,0,0
298,2.0,0,0,1,0,0,0,0,0,0,0,0,1,3,0,0,1,5.937556302404546,2,1,1,0,1,0,1,0,0,0
299,40.0,0,0,1,0,0,0,0,0,0,0,0,1,0,1,0,0,0.6949362483542374,0,1,0,1,0,0,0,1,0,0
300,50.0,0,1,0,0,0,0,0,0,0,1,0,0,1,0,0,1,10.094007691774651,1,1,1,0,0,0,0,0,1,0
301,21.5,0,0,0,0,0,0,0,1,0,0,1,0,0,1,0,0,-0.29035583119672925,0,3,1,0,0,0,1,0,0,0
302,25.0,0,0,0,0,0,0,0,1,0,0,1,0,2,0,0,1,0.38094206915667655,0,3,0,1,2,0,0,1,0,0
303,19.0,0,0,0,0,0,0,0,1,0,0,0,1,0,1,0,0,-0.6260047813734322,0,3,0,1,0,0,0,1,0,0
304,28.0,0,0,0,0,1,0,0,0,0,0,1,0,0,1,0,0,-0.09113193818862174,0,2,1,0,0,0,1,0,0,0
305,25.0,0,0,0,0,0,0,0,1,0,0,0,1,0,1,0,0,-0.277362968609244,0,3,0,1,0,0,0,1,0,0
306,0.92,0,0,1,0,0,0,0,0,0,0,0,1,3,0,0,1,5.937556302404546,2,1,0,1,1,1,0,0,0,0
307,35.0,0,0,0,0,0,0,0,1,0,1,0,0,0,1,0,0,4.1763001524495875,0,1,1,0,0,0,1,0,0,0
308,17.0,0,0,1,0,0,0,0,0,0,1,0,0,1,0,0,1,4.090404337883722,0,1,1,0,1,0,0,0,1,0
309,30.0,0,0,0,0,0,0,0,1,0,1,0,0,1,0,0,1,0.4134242256253898,0,2,0,1,1,0,0,1,0,0
310,30.0,0,0,0,0,1,0,0,0,0,1,0,0,0,1,0,0,1.8395727946781235,0,1,1,0,0,0,1,0,0,0
311,24.0,0,0,1,0,0,0,0,0,0,1,0,0,0,1,0,0,2.9755431016561564,0,1,1,0,0,0,1,0,0,0
312,18.0,0,1,0,0,0,0,0,0,0,1,0,0,4,0,1,0,10.737336289931397,2,1,1,0,2,0,1,0,0,0
313,26.0,0,0,0,0,0,0,0,1,0,0,0,1,2,0,0,1,0.5000433095419583,1,2,1,0,1,0,0,0,1,0
314,28.0,0,0,0,0,0,0,0,1,0,0,0,1,0,1,0,0,-0.2840412999792114,0,3,0,1,0,0,0,1,0,0
315,43.0,0,0,0,0,0,0,0,1,0,0,0,1,2,0,0,1,0.5108706950315294,1,2,0,1,1,0,0,1,0,0
316,26.0,0,0,0,0,0,0,0,1,0,0,0,1,0,1,0,0,-0.2858429769246761,0,3,1,0,0,0,1,0,0,0
317,24.0,0,0,0,0,0,0,0,1,0,0,0,1,1,0,0,1,0.5000433095419583,0,2,1,0,1,0,0,0,1,0
318,54.0,0,0,0,0,0,0,0,1,0,0,0,1,0,1,0,0,-0.01967119395745271,0,2,0,1,0,0,0,0,0,1
319,31.0,0,0,1,0,0,0,0,0,0,0,0,1,2,0,0,1,6.51429647980043,2,1,1,0,0,0,1,0,0,0
320,40.0,0,0,0,0,1,0,0,0,0,1,0,0,2,0,0,1,5.199128612015799,1,1,1,0,1,0,0,0,1,0
321,22.0,0,0,0,0,0,0,0,1,0,0,0,1,0,1,0,0,-0.3120106021758714,0,3,0,1,0,0,0,1,0,0
322,27.0,0,0,0,0,0,0,0,1,0,0,0,1,0,1,0,0,-0.2840412999792114,0,3,0,1,0,0,0,1,0,0
323,30.0,0,0,0,0,0,0,0,1,0,0,1,0,0,1,0,0,-0.09113193818862174,0,2,1,0,0,0,1,0,0,0
324,22.0,0,0,0,0,0,0,0,1,0,0,0,1,2,0,0,1,0.629971935416811,1,2,1,0,1,0,0,0,1,0
325,25.0,0,0,0,0,0,0,0,1,0,0,0,1,10,0,1,0,2.3861738618252373,2,3,0,1,8,0,0,1,0,0
326,36.0,0,0,1,0,0,0,0,0,0,1,0,0,0,1,0,0,5.248211315917122,0,1,1,0,0,0,1,0,0,0
327,61.0,0,0,0,0,0,0,0,1,0,0,0,1,0,1,0,0,-0.35586151340863414,0,3,0,1,0,0,0,1,0,0
328,36.0,0,0,0,1,0,0,0,0,0,0,0,1,0,1,0,0,-0.06298073591573695,0,2,1,0,0,0,0,0,1,0
329,31.0,0,0,0,0,0,0,0,1,0,0,0,1,2,0,0,1,0.26292356732035194,1,3,1,0,1,0,0,0,1,0
330,16.0,0,1,0,0,0,0,0,0,0,1,0,0,1,0,0,1,1.8850478137343218,1,1,1,0,0,0,1,0,0,0
331,21.5,0,0,0,0,0,0,0,1,0,0,1,0,2,0,0,1,0.38094206915667655,0,3,1,0,2,0,1,0,0,0
332,45.5,0,0,1,0,0,0,0,0,0,0,0,1,0,1,0,0,0.6083171644376689,0,1,0,1,0,0,0,1,0,0
333,38.0,0,0,1,0,0,0,0,0,0,0,0,1,1,0,0,1,6.020385801399765,1,1,0,1,0,0,0,1,0,0
334,16.0,0,0,0,0,0,0,0,1,0,0,0,1,2,0,0,1,0.15356697387568427,0,3,0,1,2,0,0,1,0,0
335,35.0,0,0,0,0,0,0,0,1,0,0,0,1,1,0,0,1,5.162315501351258,0,1,1,0,1,0,0,0,1,0
336,25.0,0,0,0,0,0,0,0,1,0,0,0,1,0,1,0,0,-0.2840412999792114,0,3,0,1,0,0,0,1,0,0
337,29.0,0,0,1,0,0,0,0,0,0,0,0,1,1,0,0,1,2.2584107130482987,0,1,0,1,1,0,0,1,0,0
338,41.0,0,0,0,0,1,0,0,0,0,1,0,0,0,1,0,0,5.199128612015799,0,1,1,0,0,0,1,0,0,0
339,45.0,0,0,0,0,0,0,0,1,0,0,0,1,0,1,0,0,-0.277362968609244,0,3,0,1,0,0,0,1,0,0
340,45.0,0,0,0,0,0,0,0,0,1,0,0,1,0,1,0,0,0.9114839581456586,0,1,0,1,0,0,0,1,0,0
341,2.0,0,0,0,0,0,1,0,0,0,0,0,1,2,0,0,1,0.5000433095419583,1,2,0,1,1,1,0,0,0,0
342,24.0,0,0,1,0,0,0,0,0,0,0,0,1,5,0,1,0,10.764404753655324,2,1,1,0,3,0,1,0,0,0
343,28.0,0,0,0,0,0,0,0,1,0,0,0,1,0,1,0,0,-0.06298073591573695,0,2,0,1,0,0,0,1,0,0
344,25.0,0,0,0,0,0,0,0,1,0,0,0,1,0,1,0,0,-0.06298073591573695,0,2,0,1,0,0,0,1,0,0
345,36.0,0,0,0,0,0,0,0,1,0,0,0,1,0,1,0,0,-0.06298073591573695,0,2,0,1,0,0,0,1,0,0
346,24.0,0,0,0,0,0,1,0,0,0,0,0,1,0,1,0,0,-0.06298073591573695,0,2,1,0,0,0,1,0,0,0
347,40.0,0,0,0,0,0,0,0,1,0,0,0,1,0,1,0,0,-0.06298073591573695,0,2,1,0,0,0,1,0,0,0
348,21.5,0,0,0,0,0,0,0,1,0,0,0,1,1,0,0,1,0.07127884415494427,0,3,1,0,1,0,0,0,1,0
349,3.0,0,0,0,0,0,0,0,1,0,0,0,1,2,0,0,1,0.06261693576328738,1,3,0,1,1,1,0,0,0,0
350,42.0,0,0,0,0,0,0,0,1,0,0,0,1,0,1,0,0,-0.2508358741597949,0,3,0,1,0,0,0,1,0,0
351,23.0,0,0,0,0,0,0,0,1,0,0,0,1,0,1,0,0,-0.22647425680826,0,3,0,1,0,0,0,1,0,0
352,40.0,0,0,1,0,0,0,0,0,0,0,0,1,0,1,0,0,0.8898291871665165,0,1,0,1,0,0,0,1,0,0
353,15.0,0,0,0,0,0,0,0,1,0,1,0,0,2,0,0,1,-0.3129114406486037,1,3,0,1,1,0,0,1,0,0
354,25.0,0,0,0,0,0,0,0,1,0,0,0,1,1,0,0,1,0.14490506548402746,0,3,0,1,1,0,0,1,0,0
355,25.0,0,0,0,0,0,0,0,1,0,1,0,0,0,1,0,0,-0.31309334072482853,0,3,0,1,0,0,0,1,0,0
356,28.0,0,0,0,0,0,0,0,1,0,0,0,1,0,1,0,0,-0.21456413276973182,0,3,0,1,0,0,0,1,0,0
357,22.0,0,0,0,0,1,0,0,0,0,0,0,1,1,0,0,1,1.7560200263322014,1,1,1,0,0,0,1,0,0,0
358,38.0,0,0,0,0,0,0,0,1,0,0,0,1,0,1,0,0,-0.06298073591573695,0,2,1,0,0,0,1,0,0,0
359,21.5,0,0,0,0,0,0,0,1,0,0,1,0,0,1,0,0,-0.28476023837571895,0,3,1,0,0,0,1,0,0,0
360,21.5,0,0,0,0,0,0,0,1,0,0,1,0,0,1,0,0,-0.28476023837571895,0,3,1,0,0,0,1,0,0,0
361,40.0,0,0,0,0,0,0,0,1,0,0,0,1,5,0,1,0,0.5823314392626983,4,3,0,1,1,0,0,1,0,0
362,29.0,0,0,0,0,0,0,0,1,0,1,0,0,1,0,0,1,0.5745703693437738,0,2,0,1,1,0,0,1,0,0
363,45.0,0,0,0,0,0,0,0,1,0,1,0,0,1,0,0,1,0.0,1,3,1,0,0,0,0,0,1,0
364,35.0,0,0,0,0,0,0,0,1,0,0,0,1,0,1,0,0,-0.32067251056752827,0,3,0,1,0,0,0,1,0,0
365,25.0,0,0,0,0,0,0,0,1,0,0,1,0,1,0,0,1,0.04529311897997366,0,3,0,1,1,0,0,1,0,0
366,30.0,0,0,0,0,0,0,0,1,0,0,0,1,0,1,0,0,-0.3120106021758714,0,3,0,1,0,0,0,1,0,0
367,60.0,0,0,0,1,0,0,0,0,0,1,0,0,1,0,0,1,2.6330382509874575,0,1,1,0,1,0,0,0,1,0
368,21.5,0,0,0,0,0,0,0,1,0,1,0,0,0,1,0,0,-0.3129114406486037,0,3,1,0,0,0,0,0,1,0
369,21.5,0,0,0,0,0,0,0,1,0,0,1,0,0,1,0,0,-0.29035583119672925,0,3,1,0,0,0,1,0,0,0
370,24.0,0,1,0,0,0,0,0,0,0,1,0,0,0,1,0,0,2.375346476335666,0,1,1,0,0,0,0,0,0,1
371,25.0,0,0,0,0,1,0,0,0,0,1,0,0,1,0,0,1,1.7751498510151755,0,1,0,1,1,0,0,1,0,0
372,18.0,0,0,0,0,0,0,0,1,0,0,0,1,1,0,0,1,-0.3446746587208094,0,3,0,1,1,0,0,1,0,0
373,19.0,0,0,0,0,0,0,0,1,0,0,0,1,0,1,0,0,-0.277362968609244,0,3,0,1,0,0,0,1,0,0
374,22.0,0,0,0,0,0,0,0,1,0,1,0,0,0,1,0,0,5.248211315917122,0,1,0,1,0,0,0,1,0,0
375,3.0,0,0,0,0,0,0,0,1,0,0,0,1,4,0,1,0,0.2867438153974083,1,3,1,0,3,0,1,0,0,0
376,35.0,0,0,0,0,0,0,0,1,0,1,0,0,1,0,0,1,2.9327749289723513,0,1,1,0,1,0,0,0,1,0
377,22.0,0,0,0,0,0,0,0,1,0,0,0,1,0,1,0,0,-0.3120106021758714,0,3,1,0,0,0,1,0,0,0
378,27.0,0,0,1,0,0,0,0,0,0,1,0,0,2,0,0,1,8.533963342803686,2,1,0,1,0,0,0,1,0,0
379,20.0,0,0,0,0,0,0,0,1,0,1,0,0,0,1,0,0,-0.4522252442658167,0,3,0,1,0,0,0,1,0,0
380,19.0,0,0,0,0,0,0,0,1,0,0,0,1,0,1,0,0,-0.2892730926477721,0,3,0,1,0,0,0,1,0,0
381,42.0,0,0,0,0,0,0,0,1,0,1,0,0,0,1,0,0,9.227998752685192,0,1,1,0,0,0,1,0,0,0
382,1.0,0,0,0,0,0,0,0,1,0,1,0,0,2,0,0,1,0.055761035271290955,2,3,1,0,0,0,1,0,0,0
383,32.0,0,0,0,0,0,0,0,1,0,0,0,1,0,1,0,0,-0.2827766613540295,0,3,0,1,0,0,0,1,0,0
384,35.0,0,0,0,0,0,0,0,1,0,0,0,1,1,0,0,1,1.6260914004573488,0,1,1,0,1,0,0,0,1,0
385,25.0,0,0,0,0,0,0,0,1,0,0,0,1,0,1,0,0,-0.2840412999792114,0,3,0,1,0,0,0,1,0,0
386,18.0,0,0,0,0,0,0,0,1,0,0,0,1,0,1,0,0,2.55724655256046,0,2,0,1,0,0,0,1,0,0
387,1.0,0,0,0,0,0,0,0,1,0,0,0,1,7,0,1,0,1.405212736470099,2,3,0,1,5,1,0,0,0,0
388,36.0,0,0,0,0,0,0,0,1,0,0,0,1,0,1,0,0,-0.06298073591573695,0,2,1,0,0,0,1,0,0,0
389,25.0,0,0,0,0,0,0,0,1,0,0,1,0,0,1,0,0,-0.29125666966946157,0,3,0,1,0,0,0,1,0,0
390,17.0,0,0,0,0,0,0,0,1,0,1,0,0,0,1,0,0,-0.1062902778740212,0,2,1,0,0,0,1,0,0,0
391,36.0,0,1,0,0,0,0,0,0,0,0,0,1,3,0,0,1,4.571140253620677,2,1,0,1,1,0,0,1,0,0
392,21.0,0,0,0,0,0,0,0,1,0,0,0,1,0,1,0,0,-0.28837225417503987,0,3,0,1,0,0,0,1,0,0
393,28.0,0,0,0,0,0,0,0,1,0,0,0,1,2,0,0,1,-0.2827766613540295,0,3,0,1,2,0,0,1,0,0
394,23.0,0,0,0,1,0,0,0,0,0,1,0,0,1,0,0,1,4.279883583951216,0,1,1,0,1,0,1,0,0,0
395,24.0,0,0,0,0,0,0,1,0,0,0,0,1,2,0,0,1,0.09726456932991473,2,3,1,0,0,0,0,0,1,0
396,22.0,0,0,0,0,0,0,0,1,0,0,0,1,0,1,0,0,-0.28837225417503987,0,3,0,1,0,0,0,1,0,0
397,31.0,0,0,0,0,0,0,0,1,0,0,0,1,0,1,0,0,-0.2858429769246761,0,3,1,0,0,0,1,0,0,0
398,46.0,0,0,0,0,0,0,0,1,0,0,0,1,0,1,0,0,0.5000433095419583,0,2,0,1,0,0,0,1,0,0
399,23.0,0,0,0,0,0,0,0,1,0,0,0,1,0,1,0,0,-0.1712545908114476,0,2,0,1,0,0,0,0,0,1
400,28.0,0,0,0,0,0,0,0,1,0,0,0,1,0,1,0,0,-0.07813907560113643,0,2,1,0,0,0,0,0,1,0
401,39.0,0,0,0,0,0,0,0,1,0,0,0,1,0,1,0,0,-0.2827766613540295,0,3,0,1,0,0,0,1,0,0
402,26.0,0,0,0,0,0,0,0,1,0,0,0,1,0,1,0,0,-0.277362968609244,0,3,0,1,0,0,0,1,0,0
403,21.0,0,0,0,0,0,0,0,1,0,0,0,1,1,0,0,1,-0.20048853163328947,0,3,1,0,1,0,1,0,0,0
404,28.0,0,0,0,0,0,0,0,1,0,0,0,1,1,0,0,1,0.06045145866537313,0,3,0,1,1,0,0,1,0,0
405,20.0,0,0,0,0,0,0,0,1,0,0,0,1,0,1,0,0,-0.2508358741597949,0,3,1,0,0,0,1,0,0,0
406,34.0,0,0,0,0,0,0,0,1,0,0,0,1,1,0,0,1,0.283495599750537,0,2,0,1,1,0,0,1,0,0
407,51.0,0,0,0,0,0,0,0,1,0,0,0,1,0,1,0,0,-0.29035583119672925,0,3,0,1,0,0,0,1,0,0
408,3.0,0,0,0,0,0,0,0,1,0,0,0,1,2,0,0,1,0.18604913034439746,1,2,0,1,1,1,0,0,0,0
409,21.0,0,0,0,0,0,0,0,1,0,0,0,1,0,1,0,0,-0.2892730926477721,0,3,0,1,0,0,0,1,0,0
410,21.5,0,0,0,0,0,0,0,1,0,0,0,1,4,0,1,0,0.4769463308156052,1,3,1,0,3,0,1,0,0,0
411,25.0,0,0,0,0,0,0,0,1,0,0,0,1,0,1,0,0,-0.2840412999792114,0,3,0,1,0,0,0,1,0,0
412,25.0,0,0,0,0,0,0,0,1,0,0,1,0,0,1,0,0,-0.32897494976093133,0,3,0,1,0,0,0,1,0,0
413,33.0,0,0,1,0,0,0,0,0,0,0,1,0,1,0,0,1,3.27185399487215,0,1,1,0,1,0,1,0,0,0
414,30.0,0,0,0,0,0,0,0,1,0,0,0,1,0,1,0,0,-0.6260047813734322,0,2,0,1,0,0,0,1,0,0
415,44.0,0,0,0,0,0,0,0,1,0,0,0,1,0,1,0,0,-0.2827766613540295,0,3,0,1,0,0,0,1,0,0
416,21.5,0,0,0,0,0,0,0,1,0,0,0,1,0,1,0,0,-0.277362968609244,0,3,1,0,0,0,0,0,1,0
417,34.0,0,0,0,0,0,0,0,1,0,0,0,1,2,0,0,1,0.7815553322708059,1,2,1,0,1,0,0,0,1,0
418,18.0,0,0,0,0,0,0,0,1,0,0,0,1,2,0,0,1,-0.06298073591573695,2,2,1,0,0,0,1,0,0,0
419,30.0,0,0,0,0,0,0,0,1,0,0,0,1,0,1,0,0,-0.06298073591573695,0,2,0,1,0,0,0,1,0,0
420,10.0,0,0,0,0,0,0,0,1,0,0,0,1,2,0,0,1,0.41992065691913233,2,3,1,0,0,0,1,0,0,0
421,25.0,0,0,0,0,0,0,0,1,0,1,0,0,0,1,0,0,-0.2840412999792114,0,3,0,1,0,0,0,1,0,0
422,21.0,0,0,0,0,0,0,0,1,0,0,1,0,0,1,0,0,-0.29107910054743263,0,3,0,1,0,0,0,1,0,0
423,29.0,0,0,0,0,0,0,0,1,0,0,0,1,0,1,0,0,-0.2849421384519437,0,3,0,1,0,0,0,1,0,0
424,28.0,0,0,0,0,0,0,0,1,0,0,0,1,2,0,0,1,-0.002347377174138998,1,3,1,0,1,0,0,0,1,0
425,18.0,0,0,0,0,0,0,0,1,0,0,0,1,2,0,0,1,0.24938933545838812,1,3,0,1,1,0,0,1,0,0
426,25.0,0,0,0,0,0,0,0,1,0,0,0,1,0,1,0,0,-0.3120106021758714,0,3,0,1,0,0,0,1,0,0
427,28.0,0,0,0,0,0,0,0,1,0,0,0,1,1,0,0,1,0.5000433095419583,0,2,1,0,1,0,0,0,1,0
428,19.0,0,0,0,0,0,0,0,1,0,0,0,1,0,1,0,0,0.5000433095419583,0,2,1,0,0,0,1,0,0,0
429,25.0,0,0,0,0,0,0,0,1,0,0,1,0,0,1,0,0,-0.29035583119672925,0,3,0,1,0,0,0,1,0,0
430,32.0,0,0,0,0,1,0,0,0,0,0,0,1,0,1,0,0,-0.277362968609244,0,3,0,1,0,0,0,1,0,0
431,28.0,0,0,1,0,0,0,0,0,0,0,0,1,0,1,0,0,0.5238635576190146,0,1,0,1,0,0,0,1,0,0
432,21.5,0,0,0,0,0,0,0,1,0,0,0,1,1,0,0,1,0.07127884415494427,0,3,1,0,1,0,0,0,1,0
433,42.0,0,0,0,0,0,0,0,1,0,0,0,1,1,0,0,1,0.5000433095419583,0,2,1,0,1,0,0,0,1,0
434,17.0,0,0,0,0,0,0,0,1,0,0,0,1,0,1,0,0,-0.31742429492065694,0,3,0,1,0,0,0,1,0,0
435,50.0,0,0,0,0,1,0,0,0,0,0,0,1,1,0,0,1,1.7949986140946572,0,1,0,1,1,0,0,1,0,0
436,14.0,0,1,0,0,0,0,0,0,0,0,0,1,3,0,0,1,4.571140253620677,2,1,1,0,1,0,1,0,0,0
437,21.0,0,0,0,0,0,0,0,1,0,0,0,1,4,0,1,0,0.8627607234425888,2,3,1,0,2,0,1,0,0,0
438,24.0,0,0,0,0,0,0,0,1,0,0,0,1,5,0,1,0,0.18604913034439746,3,2,1,0,2,0,0,0,1,0
439,64.0,0,0,1,0,0,0,0,0,0,0,0,1,5,0,1,0,10.764404753655324,4,1,0,1,1,0,0,1,0,0
440,31.0,0,0,0,0,0,0,0,1,0,0,0,1,0,1,0,0,-0.1712545908114476,0,2,0,1,0,0,0,1,0,0
441,45.0,0,0,0,0,0,0,0,1,0,0,0,1,2,0,0,1,0.5108706950315294,1,2,1,0,1,0,0,0,1,0
442,20.0,0,0,0,0,0,0,0,1,0,0,0,1,0,1,0,0,-0.21456413276973182,0,3,0,1,0,0,0,1,0,0
443,25.0,0,0,0,0,0,0,0,1,0,0,0,1,1,0,0,1,-0.2892730926477721,0,3,0,1,1,0,0,1,0,0
444,28.0,0,0,0,0,0,0,0,1,0,0,0,1,0,1,0,0,-0.06298073591573695,0,2,1,0,0,0,0,0,0,1
445,25.0,0,0,0,0,0,0,0,1,0,0,0,1,0,1,0,0,-0.2746561222368512,0,3,0,1,0,0,0,1,0,0
446,4.0,1,0,0,0,0,0,0,0,0,0,0,1,2,0,0,1,2.919240697110387,2,1,0,1,0,1,0,0,0,0
447,13.0,0,0,0,0,0,0,0,1,0,0,0,1,1,0,0,1,0.21853128681311065,1,2,1,0,0,0,1,0,0,0
448,34.0,0,0,0,0,0,0,0,1,0,0,0,1,0,1,0,0,0.5238635576190146,0,1,0,1,0,0,0,1,0,0
449,5.0,0,0,0,0,0,0,0,1,0,1,0,0,3,0,0,1,0.20806337052179327,1,3,1,0,2,0,1,0,0,0
450,52.0,0,0,1,0,0,0,0,0,0,0,0,1,0,1,0,0,0.6949362483542374,0,1,0,1,0,0,0,0,0,1
451,36.0,0,0,0,0,0,0,0,1,0,0,0,1,3,0,0,1,0.5758350079689557,2,2,0,1,1,0,0,1,0,0
452,25.0,0,0,0,0,0,0,0,1,0,0,0,1,1,0,0,1,0.2387438500450419,0,3,0,1,1,0,0,1,0,0
453,30.0,0,0,1,0,0,0,0,0,0,1,0,0,0,1,0,0,0.5758350079689557,0,1,0,1,0,0,0,1,0,0
454,49.0,0,0,1,0,0,0,0,0,0,1,0,0,1,0,0,1,3.2330573071859194,0,1,0,1,1,0,0,1,0,0
455,25.0,0,0,0,0,0,0,0,1,0,0,0,1,0,1,0,0,-0.277362968609244,0,3,0,1,0,0,0,1,0,0
456,29.0,0,0,0,0,0,0,0,1,0,1,0,0,0,1,0,0,-0.2840412999792114,0,3,0,1,0,0,0,1,0,0
457,65.0,0,0,0,0,1,0,0,0,0,0,0,1,0,1,0,0,0.5238635576190146,0,1,0,1,0,0,0,1,0,0
458,35.0,0,0,0,1,0,0,0,0,0,0,0,1,1,0,0,1,1.6201363384380845,0,1,1,0,1,0,0,0,1,0
459,50.0,0,0,0,0,0,0,0,1,0,0,0,1,0,1,0,0,-0.1712545908114476,0,2,1,0,0,0,1,0,0,0
460,25.0,0,0,0,0,0,0,0,1,0,0,1,0,0,1,0,0,-0.29035583119672925,0,3,0,1,0,0,0,1,0,0
461,48.0,0,0,0,0,1,0,0,0,0,0,0,1,0,1,0,0,0.5238635576190146,0,1,0,1,0,0,0,1,0,0
462,34.0,0,0,0,0,0,0,0,1,0,0,0,1,0,1,0,0,-0.277362968609244,0,3,0,1,0,0,0,1,0,0
463,47.0,0,0,0,0,1,0,0,0,0,0,0,1,0,1,0,0,1.0414125840205113,0,1,0,1,0,0,0,1,0,0
464,48.0,0,0,0,0,0,0,0,1,0,0,0,1,0,1,0,0,-0.06298073591573695,0,2,0,1,0,0,0,1,0,0
465,25.0,0,0,0,0,0,0,0,1,0,0,0,1,0,1,0,0,-0.277362968609244,0,3,0,1,0,0,0,1,0,0
466,38.0,0,0,0,0,0,0,0,1,0,0,0,1,0,1,0,0,-0.32067251056752827,0,3,0,1,0,0,0,1,0,0
467,30.0,0,0,0,0,0,0,0,1,0,0,0,1,0,1,0,0,-0.6260047813734322,0,2,0,1,0,0,0,1,0,0
468,56.0,0,0,0,0,0,0,0,1,0,0,0,1,0,1,0,0,0.5238635576190146,0,1,0,1,0,0,0,1,0,0
469,25.0,0,0,0,0,0,0,0,1,0,0,1,0,0,1,0,0,-0.2914385697456864,0,3,0,1,0,0,0,1,0,0
470,0.75,0,0,0,0,0,0,0,1,0,1,0,0,3,0,0,1,0.20806337052179327,1,3,1,0,2,0,1,0,0,0
471,25.0,0,0,0,0,0,0,0,1,0,0,0,1,0,1,0,0,-0.3120106021758714,0,3,0,1,0,0,0,1,0,0
472,38.0,0,0,0,0,0,0,0,1,0,0,0,1,0,1,0,0,-0.2508358741597949,0,3,0,1,0,0,0,1,0,0
473,33.0,0,0,0,0,0,0,0,1,0,0,0,1,3,0,0,1,0.5758350079689557,2,2,1,0,1,0,0,0,1,0
474,23.0,0,0,0,1,0,0,0,0,0,1,0,0,0,1,0,0,-0.028692571547363297,0,2,1,0,0,0,0,0,1,0
475,22.0,0,0,0,0,0,0,0,1,0,0,0,1,0,1,0,0,-0.19994716235881088,0,3,1,0,0,0,1,0,0,0
476,40.0,1,0,0,0,0,0,0,0,0,0,0,1,0,1,0,0,1.6260914004573488,0,1,0,1,0,0,0,1,0,0
477,34.0,0,0,0,0,0,0,0,1,0,0,0,1,1,0,0,1,0.283495599750537,0,2,0,1,1,0,0,1,0,0
478,29.0,0,0,0,0,0,0,0,1,0,0,0,1,1,0,0,1,-0.32085441064375303,0,3,0,1,1,0,0,1,0,0
479,22.0,0,0,0,0,0,0,0,1,0,0,0,1,0,1,0,0,-0.300282378213568,0,3,0,1,0,0,0,1,0,0
480,2.0,0,0,0,0,0,0,0,1,0,0,0,1,1,0,0,1,-0.09383878456101451,1,3,1,0,0,0,1,0,0,0
481,9.0,0,0,0,0,0,0,0,1,0,0,0,1,7,0,1,0,1.405212736470099,2,3,0,1,5,1,0,0,0,0
482,30.0,0,0,0,0,0,0,0,1,0,0,0,1,0,1,0,0,-0.6260047813734322,0,2,0,1,0,0,0,1,0,0
483,50.0,0,0,0,0,0,0,0,1,0,0,0,1,0,1,0,0,-0.277362968609244,0,3,0,1,0,0,0,1,0,0
484,63.0,0,0,0,0,0,0,0,1,0,0,0,1,0,1,0,0,-0.21077454784838193,0,3,1,0,0,0,0,0,1,0
485,25.0,0,1,0,0,0,0,0,0,0,1,0,0,1,0,0,1,3.3185936525535307,0,1,0,1,1,0,0,1,0,0
486,21.5,0,0,0,0,0,0,0,1,0,0,0,1,4,0,1,0,0.4769463308156052,1,3,1,0,3,0,1,0,0,0
487,35.0,0,0,1,0,0,0,0,0,0,0,0,1,1,0,0,1,3.27185399487215,0,1,1,0,1,0,0,0,1,0
488,58.0,0,1,0,0,0,0,0,0,0,1,0,0,0,1,0,0,0.6602886147876099,0,1,0,1,0,0,0,1,0,0
489,30.0,0,0,0,0,0,0,0,1,0,0,0,1,0,1,0,0,-0.277362968609244,0,3,0,1,0,0,0,1,0,0
490,9.0,0,0,0,0,0,0,0,1,0,0,0,1,2,0,0,1,0.06261693576328738,1,3,0,1,1,1,0,0,0,0
491,25.0,0,0,0,0,0,0,0,1,0,0,0,1,1,0,0,1,0.2387438500450419,0,3,0,1,1,0,0,1,0,0
492,21.0,0,0,0,0,0,0,0,1,0,0,0,1,0,1,0,0,-0.3120106021758714,0,3,0,1,0,0,0,1,0,0
493,55.0,0,0,1,0,0,0,0,0,0,0,0,1,0,1,0,0,0.6949362483542374,0,1,0,1,0,0,0,1,0,0
494,71.0,0,0,0,0,0,0,0,1,0,1,0,0,0,1,0,0,1.5179994456378627,0,1,0,1,0,0,0,1,0,0
495,21.0,0,0,0,0,0,0,0,1,0,0,0,1,0,1,0,0,-0.277362968609244,0,3,0,1,0,0,0,1,0,0
496,25.0,0,0,0,0,0,0,0,1,0,1,0,0,0,1,0,0,0.00017756912202893625,0,3,0,1,0,0,0,1,0,0
497,54.0,0,0,0,1,0,0,0,0,0,1,0,0,1,0,0,1,2.7636901462130137,0,1,1,0,1,0,1,0,0,0
498,25.0,0,0,0,0,0,0,0,1,0,0,0,1,0,1,0,0,0.027969302196659943,0,3,0,1,0,0,0,1,0,0
499,25.0,0,0,1,0,0,0,0,0,0,0,0,1,3,0,0,1,5.937556302404546,2,1,1,0,1,0,0,0,1,0
500,24.0,0,0,0,0,0,0,0,1,0,0,0,1,0,1,0,0,-0.28837225417503987,0,3,0,1,0,0,0,1,0,0
501,17.0,0,0,0,0,0,0,0,1,0,0,0,1,0,1,0,0,-0.2508358741597949,0,3,0,1,0,0,0,1,0,0
502,21.0,0,0,0,0,0,0,0,1,0,0,1,0,0,1,0,0,-0.29035583119672925,0,3,1,0,0,0,1,0,0,0
503,21.5,0,0,0,0,0,0,0,1,0,0,1,0,0,1,0,0,-0.29558762386529,0,3,1,0,0,0,1,0,0,0
504,37.0,0,0,0,0,0,0,0,1,0,0,0,1,0,1,0,0,-0.21077454784838193,0,3,1,0,0,0,1,0,0,0
505,16.0,0,1,0,0,0,0,0,0,0,0,0,1,0,1,0,0,3.120270598018155,0,1,1,0,0,0,1,0,0,0
506,18.0,0,0,1,0,0,0,0,0,0,1,0,0,1,0,0,1,4.090404337883722,0,1,0,1,1,0,0,1,0,0
507,33.0,0,0,0,0,0,0,0,1,0,0,0,1,2,0,0,1,0.5000433095419583,2,2,1,0,0,0,0,0,1,0
508,40.0,0,0,0,0,0,0,0,1,0,0,0,1,0,1,0,0,0.5238635576190146,0,1,0,1,0,0,0,1,0,0
509,28.0,0,0,0,0,0,0,0,1,0,0,0,1,0,1,0,0,0.34954265123692047,0,3,0,1,0,0,0,1,0,0
510,26.0,0,0,0,0,0,0,0,1,0,0,0,1,0,1,0,0,1.8208024391934032,0,3,0,1,0,0,0,1,0,0
511,29.0,0,0,0,0,0,0,0,1,0,0,1,0,0,1,0,0,-0.29035583119672925,0,3,0,1,0,0,0,1,0,0
512,25.0,0,0,0,0,0,0,0,1,0,0,0,1,0,1,0,0,-0.277362968609244,0,3,0,1,0,0,0,1,0,0
513,36.0,0,0,0,0,1,0,0,0,0,0,0,1,0,1,0,0,0.5124948028549651,0,1,0,1,0,0,0,1,0,0
514,54.0,0,0,0,0,0,0,0,1,0,1,0,0,1,0,0,1,1.946582010948652,0,1,1,0,1,0,0,0,1,0
515,24.0,0,0,0,0,0,0,0,1,0,0,0,1,0,1,0,0,-0.30136511676252514,0,3,0,1,0,0,0,1,0,0
516,47.0,0,0,0,1,0,0,0,0,0,0,0,1,0,1,0,0,0.8474204836809646,0,1,0,1,0,0,0,1,0,0
517,34.0,0,0,0,0,0,1,0,0,0,0,0,1,0,1,0,0,-0.1712545908114476,0,2,1,0,0,0,0,0,1,0
518,25.0,0,0,0,0,0,0,0,1,0,0,1,0,0,1,0,0,0.41992065691913233,0,3,0,1,0,0,0,1,0,0
519,36.0,0,0,0,0,0,0,0,1,0,0,0,1,1,0,0,1,0.5000433095419583,0,2,1,0,1,0,0,0,1,0
520,32.0,0,0,0,0,0,0,0,1,0,0,0,1,0,1,0,0,-0.2840412999792114,0,3,0,1,0,0,0,1,0,0
521,30.0,0,1,0,0,0,0,0,0,0,0,0,1,0,1,0,0,3.423437391726145,0,1,1,0,0,0,1,0,0,0
522,22.0,0,0,0,0,0,0,0,1,0,0,0,1,0,1,0,0,-0.2840412999792114,0,3,0,1,0,0,0,1,0,0
523,25.0,0,0,0,0,0,0,0,1,0,1,0,0,0,1,0,0,-0.31309334072482853,0,3,0,1,0,0,0,1,0,0
524,44.0,0,1,0,0,0,0,0,0,0,1,0,0,1,0,0,1,1.8850478137343218,1,1,1,0,0,0,0,0,1,0
525,25.0,0,0,0,0,0,0,0,1,0,1,0,0,0,1,0,0,-0.3129114406486037,0,3,0,1,0,0,0,1,0,0
526,40.5,0,0,0,0,0,0,0,1,0,0,1,0,0,1,0,0,-0.29035583119672925,0,3,0,1,0,0,0,1,0,0
527,50.0,0,0,0,0,0,0,0,1,0,0,0,1,0,1,0,0,-0.1712545908114476,0,2,1,0,0,0,1,0,0,0
528,40.0,0,0,1,0,0,0,0,0,0,0,0,1,0,1,0,0,8.97915078650128,0,1,0,1,0,0,0,1,0,0
529,39.0,0,0,0,0,0,0,0,1,0,0,0,1,0,1,0,0,-0.2827766613540295,0,3,0,1,0,0,0,1,0,0
530,23.0,0,0,0,0,0,0,0,1,0,0,0,1,3,0,0,1,-0.12794504885316332,1,2,0,1,2,0,0,1,0,0
531,2.0,0,0,0,0,0,0,0,1,0,0,0,1,2,0,0,1,0.5000433095419583,1,2,1,0,1,0,1,0,0,0
532,25.0,0,0,0,0,0,0,0,1,0,1,0,0,0,1,0,0,-0.3129114406486037,0,3,0,1,0,0,0,1,0,0
533,17.0,0,0,0,0,0,0,0,1,0,1,0,0,2,0,0,1,-0.3129114406486037,1,3,0,1,1,0,0,1,0,0
534,21.5,0,0,0,0,0,0,0,1,0,1,0,0,2,0,0,1,0.34232295059247453,2,3,1,0,0,0,0,0,1,0
535,30.0,0,0,0,0,0,0,0,1,0,0,0,1,0,1,0,0,-0.2508358741597949,0,3,1,0,0,0,1,0,0,0
536,7.0,0,0,0,0,0,0,0,1,0,0,0,1,2,0,0,1,0.5108706950315294,2,2,1,0,0,0,1,0,0,0
537,45.0,0,1,0,0,0,0,0,0,0,0,0,1,0,1,0,0,0.5238635576190146,0,1,0,1,0,0,0,0,0,1
538,30.0,0,0,0,0,0,0,0,1,0,1,0,0,0,1,0,0,3.983213221536969,0,1,1,0,0,0,1,0,0,0
539,25.0,0,0,0,0,0,0,0,1,0,0,0,1,0,1,0,0,0.001983577021689412,0,3,0,1,0,0,0,1,0,0
540,22.0,0,1,0,0,0,0,0,0,0,1,0,0,2,0,0,1,1.517817545561638,2,1,1,0,0,0,1,0,0,0
541,36.0,0,1,0,0,0,0,0,0,0,0,0,1,2,0,0,1,2.4489726976647495,2,1,1,0,0,0,1,0,0,0
542,9.0,0,0,0,0,0,0,0,1,0,0,0,1,6,0,1,0,0.7285011433719076,2,3,1,0,4,0,1,0,0,0
543,11.0,0,0,0,0,0,0,0,1,0,0,0,1,6,0,1,0,0.7285011433719076,2,3,1,0,4,0,1,0,0,0
544,32.0,0,0,0,0,0,0,0,1,0,0,0,1,1,0,0,1,0.5000433095419583,0,2,0,1,1,0,0,1,0,0
545,50.0,0,0,1,0,0,0,0,0,0,1,0,0,1,0,0,1,3.983213221536969,0,1,0,1,1,0,0,1,0,0
546,64.0,0,0,0,0,0,0,0,1,0,0,0,1,0,1,0,0,0.5000433095419583,0,1,0,1,0,0,0,1,0,0
547,19.0,0,0,0,0,0,0,0,1,0,0,0,1,1,0,0,1,0.5000433095419583,0,2,1,0,1,0,0,0,1,0
548,30.0,0,0,0,0,0,0,0,1,0,1,0,0,0,1,0,0,-0.025626255976716767,0,2,0,1,0,0,0,1,0,0
549,33.0,0,0,0,0,0,0,0,1,0,0,0,1,2,0,0,1,0.26292356732035194,1,3,0,1,1,0,0,1,0,0
550,8.0,0,0,0,0,0,0,0,1,0,0,0,1,2,0,0,1,0.9656208855935139,1,2,0,1,1,1,0,0,0,0
551,17.0,0,0,1,0,0,0,0,0,0,1,0,0,2,0,0,1,4.1763001524495875,2,1,0,1,0,0,0,1,0,0
552,27.0,0,0,0,0,0,0,0,1,0,0,0,1,0,1,0,0,0.5000433095419583,0,2,0,1,0,0,0,1,0,0
553,25.0,0,0,0,0,0,0,0,1,0,0,1,0,0,1,0,0,-0.28692571547363316,0,3,0,1,0,0,0,1,0,0
554,22.0,0,0,0,0,0,0,0,1,0,1,0,0,0,1,0,0,-0.31309334072482853,0,3,0,1,0,0,0,1,0,0
555,22.0,0,0,0,0,0,0,0,1,0,0,0,1,0,1,0,0,-0.2892730926477721,0,3,1,0,0,0,1,0,0,0
556,62.0,0,0,0,0,0,0,0,1,0,0,0,1,0,1,0,0,0.5238635576190146,0,1,0,1,0,0,0,1,0,0
557,48.0,1,0,0,0,0,0,0,0,0,1,0,0,1,0,0,1,1.089053080174624,0,1,1,0,1,0,0,0,0,1
558,40.0,0,0,0,0,0,0,0,1,0,1,0,0,0,1,0,0,9.227998752685192,0,1,0,1,0,0,0,1,0,0
559,39.0,0,0,0,0,1,0,0,0,0,0,0,1,2,0,0,1,2.8236002356039083,1,1,1,0,1,0,0,0,1,0
560,36.0,0,0,0,0,0,0,0,1,0,0,0,1,1,0,0,1,0.12758124870071366,0,3,1,0,1,0,0,0,1,0
561,25.0,0,0,0,0,0,0,0,1,0,0,1,0,0,1,0,0,-0.29035583119672925,0,3,0,1,0,0,0,1,0,0
562,40.0,0,0,0,0,0,0,0,1,0,0,0,1,0,1,0,0,-0.2840412999792114,0,3,0,1,0,0,0,1,0,0
563,28.0,0,0,0,0,0,0,0,1,0,0,0,1,0,1,0,0,-0.041325964936594836,0,2,0,1,0,0,0,1,0,0
564,25.0,0,0,0,0,0,0,0,1,0,0,0,1,0,1,0,0,-0.277362968609244,0,3,0,1,0,0,0,1,0,0
565,21.5,0,0,0,0,0,0,0,1,0,0,0,1,0,1,0,0,-0.277362968609244,0,3,1,0,0,0,1,0,0,0
566,24.0,0,0,0,0,0,0,0,1,0,0,0,1,2,0,0,1,0.41992065691913233,0,3,0,1,2,0,0,1,0,0
567,19.0,0,0,0,0,0,0,0,1,0,0,0,1,0,1,0,0,-0.2840412999792114,0,3,0,1,0,0,0,1,0,0
568,29.0,0,0,0,0,0,0,0,1,0,0,0,1,4,0,1,0,0.2867438153974083,4,3,1,0,0,0,0,0,1,0
569,25.0,0,0,0,0,0,0,0,1,0,1,0,0,0,1,0,0,-0.3129114406486037,0,3,0,1,0,0,0,1,0,0
570,32.0,0,0,0,0,0,0,0,1,0,0,0,1,0,1,0,0,-0.2858429769246761,0,3,0,1,0,0,0,1,0,0
571,62.0,0,0,0,0,0,0,0,1,0,0,0,1,0,1,0,0,-0.1712545908114476,0,2,0,1,0,0,0,1,0,0
572,53.0,0,0,1,0,0,0,0,0,0,0,0,1,2,0,0,1,1.6035357910054742,0,1,1,0,2,0,0,0,1,0
573,36.0,0,0,0,0,1,0,0,0,0,0,0,1,0,1,0,0,0.5168257570507934,0,1,0,1,0,0,0,1,0,0
574,21.5,0,0,0,0,0,0,0,1,0,0,1,0,0,1,0,0,-0.29035583119672925,0,3,1,0,0,0,1,0,0,0
575,16.0,0,0,0,0,0,0,0,1,0,0,0,1,0,1,0,0,-0.277362968609244,0,3,0,1,0,0,0,1,0,0
576,19.0,0,0,0,0,0,0,0,1,0,0,0,1,0,1,0,0,0.001983577021689412,0,3,0,1,0,0,0,1,0,0
577,34.0,0,0,0,0,0,0,0,1,0,0,0,1,0,1,0,0,-0.06298073591573695,0,2,1,0,0,0,1,0,0,0
578,39.0,0,0,0,0,1,0,0,0,0,0,0,1,1,0,0,1,1.7949986140946572,0,1,1,0,1,0,0,0,1,0
579,21.5,0,0,0,0,0,0,0,1,0,1,0,0,1,0,0,1,0.00017756912202893625,0,3,1,0,1,0,0,0,1,0
580,32.0,0,0,0,0,0,0,0,1,0,0,0,1,0,1,0,0,-0.2827766613540295,0,3,0,1,0,0,0,1,0,0
581,25.0,0,0,0,0,0,0,0,1,0,0,0,1,2,0,0,1,0.6732814773750952,1,2,1,0,1,0,1,0,0,0
582,39.0,0,0,1,0,0,0,0,0,0,1,0,0,2,0,0,1,4.1763001524495875,1,1,1,0,1,0,0,0,1,0
583,54.0,0,0,0,0,0,0,0,1,0,0,0,1,0,1,0,0,0.5000433095419583,0,2,0,1,0,0,0,1,0,0
584,36.0,1,0,0,0,0,0,0,0,0,1,0,0,0,1,0,0,1.1117905897027232,0,1,0,1,0,0,0,1,0,0
585,25.0,0,0,0,0,0,0,0,1,0,1,0,0,0,1,0,0,-0.24867039706188065,0,3,0,1,0,0,0,1,0,0
586,18.0,0,0,0,0,1,0,0,0,0,0,0,1,2,0,0,1,2.8236002356039083,2,1,1,0,0,0,1,0,0,0
587,47.0,0,0,0,0,0,0,0,1,0,0,0,1,0,1,0,0,0.023638348000831536,0,2,0,1,0,0,0,1,0,0
588,60.0,0,1,0,0,0,0,0,0,0,1,0,0,2,0,0,1,2.8041109417226804,1,1,0,1,1,0,0,1,0,0
589,22.0,0,0,0,0,0,0,0,1,0,0,0,1,0,1,0,0,-0.277362968609244,0,3,0,1,0,0,0,1,0,0
590,25.0,0,0,0,0,0,0,0,1,0,0,0,1,0,1,0,0,-0.277362968609244,0,3,0,1,0,0,0,1,0,0
591,35.0,0,0,0,0,0,0,0,1,0,0,0,1,0,1,0,0,-0.31742429492065694,0,3,0,1,0,0,0,1,0,0
592,52.0,0,0,0,1,0,0,0,0,0,1,0,0,1,0,0,1,2.7636901462130137,0,1,1,0,1,0,0,0,1,0
593,47.0,0,0,0,0,0,0,0,1,0,0,0,1,0,1,0,0,-0.3120106021758714,0,3,0,1,0,0,0,1,0,0
594,21.5,0,0,0,0,0,0,0,1,0,0,1,0,2,0,0,1,-0.29035583119672925,2,3,1,0,0,0,1,0,0,0
595,37.0,0,0,0,0,0,0,0,1,0,0,0,1,1,0,0,1,0.5000433095419583,0,2,0,1,1,0,0,1,0,0
596,36.0,0,0,0,0,0,0,0,1,0,0,0,1,2,0,0,1,0.41992065691913233,1,3,0,1,1,0,0,1,0,0
597,28.0,0,0,0,0,0,0,0,1,0,0,0,1,0,1,0,0,0.803210103249948,0,2,1,0,0,0,1,0,0,0
598,49.0,0,0,0,0,0,0,0,1,0,0,0,1,0,1,0,0,-0.6260047813734322,0,3,0,1,0,0,0,1,0,0
599,25.0,0,0,0,0,0,0,0,1,0,1,0,0,0,1,0,0,-0.31309334072482853,0,3,0,1,0,0,0,1,0,0
600,49.0,1,0,0,0,0,0,0,0,0,1,0,0,1,0,0,1,1.8395727946781235,0,1,0,1,1,0,0,0,0,1
601,24.0,0,0,0,0,0,0,0,1,0,0,0,1,3,0,0,1,0.5433528515002425,1,2,1,0,2,0,0,0,1,0
602,25.0,0,0,0,0,0,0,0,1,0,0,0,1,0,1,0,0,-0.2840412999792114,0,3,0,1,0,0,0,1,0,0
603,40.0,0,0,0,0,0,0,0,1,0,0,0,1,0,1,0,0,1.21031979765782,0,1,0,1,0,0,0,1,0,0
604,44.0,0,0,0,0,0,0,0,1,0,0,0,1,0,1,0,0,-0.277362968609244,0,3,0,1,0,0,0,1,0,0
605,35.0,0,0,0,0,0,0,0,1,0,1,0,0,0,1,0,0,0.5238635576190146,0,1,0,1,0,0,0,1,0,0
606,36.0,0,0,0,0,0,0,0,1,0,0,0,1,1,0,0,1,0.0474585960778879,0,3,0,1,1,0,0,1,0,0
607,30.0,0,0,0,0,0,0,0,1,0,0,0,1,0,1,0,0,-0.2840412999792114,0,3,0,1,0,0,0,1,0,0
608,27.0,0,0,0,0,0,0,0,1,0,0,0,1,0,1,0,0,0.6949362483542374,0,1,0,1,0,0,0,1,0,0
609,22.0,0,0,0,0,0,0,0,1,0,1,0,0,3,0,0,1,1.1747713256184602,2,2,1,0,1,0,0,0,1,0
610,40.0,0,0,1,0,0,0,0,0,0,0,0,1,0,1,0,0,6.020385801399765,0,1,1,0,0,0,1,0,0,0
611,39.0,0,0,0,0,0,0,0,1,0,0,0,1,6,0,1,0,0.7285011433719076,5,3,1,0,1,0,0,0,1,0
612,25.0,0,0,0,0,0,0,0,1,0,0,0,1,0,1,0,0,-0.32067251056752827,0,3,0,1,0,0,0,1,0,0
613,21.5,0,0,0,0,0,0,0,1,0,0,1,0,1,0,0,1,0.04529311897997366,0,3,1,0,1,0,1,0,0,0
614,25.0,0,0,0,0,0,0,0,1,0,0,1,0,0,1,0,0,-0.29035583119672925,0,3,0,1,0,0,0,1,0,0
615,35.0,0,0,0,0,0,0,0,1,0,0,0,1,0,1,0,0,-0.277362968609244,0,3,0,1,0,0,0,1,0,0
616,24.0,0,0,0,0,0,0,0,1,0,0,0,1,3,0,0,1,2.1891154459150437,2,2,1,0,1,0,1,0,0,0
617,34.0,0,0,0,0,0,0,0,1,0,0,0,1,2,0,0,1,-0.002347377174138998,1,3,0,1,1,0,0,1,0,0
618,26.0,0,0,0,0,0,0,0,1,0,0,0,1,1,0,0,1,0.07127884415494427,0,3,1,0,1,0,0,0,1,0
619,4.0,0,0,0,0,0,1,0,0,0,0,0,1,3,0,0,1,1.0630673549996534,1,2,1,0,2,0,1,0,0,0
620,26.0,0,0,0,0,0,0,0,1,0,0,0,1,0,1,0,0,-0.1712545908114476,0,2,0,1,0,0,0,1,0,0
621,27.0,0,0,0,0,0,0,0,1,0,1,0,0,1,0,0,1,0.0,0,3,0,1,1,0,0,1,0,0
622,42.0,0,0,0,1,0,0,0,0,0,0,0,1,1,0,0,1,1.6500935486106298,0,1,0,1,1,0,0,1,0,0
623,20.0,0,0,0,0,0,0,0,1,0,1,0,0,2,0,0,1,0.055761035271290955,1,3,0,1,1,0,0,1,0,0
624,21.0,0,0,0,0,0,0,0,1,0,0,0,1,0,1,0,0,-0.2858429769246761,0,3,0,1,0,0,0,1,0,0
625,21.0,0,0,0,0,0,0,0,1,0,0,0,1,0,1,0,0,0.07127884415494427,0,3,0,1,0,0,0,1,0,0
626,61.0,0,0,0,1,0,0,0,0,0,0,0,1,0,1,0,0,0.7737942623518813,0,1,0,1,0,0,0,1,0,0
627,57.0,0,0,0,0,0,0,0,1,0,0,1,0,0,1,0,0,-0.09113193818862174,0,2,0,1,0,0,0,0,0,1
628,21.0,0,0,0,1,0,0,0,0,0,0,0,1,0,1,0,0,2.7503334834730784,0,1,1,0,0,0,1,0,0,0
629,26.0,0,0,0,0,0,0,0,1,0,0,0,1,0,1,0,0,-0.2840412999792114,0,3,0,1,0,0,0,1,0,0
630,25.0,0,0,0,0,0,0,0,1,0,0,1,0,0,1,0,0,-0.29107910054743263,0,3,0,1,0,0,0,1,0,0
631,80.0,1,0,0,0,0,0,0,0,0,0,0,1,0,1,0,0,0.6732814773750952,0,1,0,1,0,0,0,1,0,0
632,51.0,0,0,0,0,0,0,0,1,0,0,0,1,0,1,0,0,-0.32049061049130345,0,3,0,1,0,0,0,1,0,0
633,32.0,0,1,0,0,0,0,0,0,0,1,0,0,0,1,0,0,0.6949362483542374,0,1,0,1,0,0,0,0,0,1
634,40.0,0,0,0,0,0,0,0,1,0,0,0,1,0,1,0,0,-0.6260047813734322,0,1,0,1,0,0,0,1,0,0
635,9.0,0,0,0,0,0,0,0,1,0,0,0,1,5,0,1,0,0.5823314392626983,2,3,1,0,3,0,1,0,0,0
636,28.0,0,0,0,0,0,0,0,1,0,0,0,1,0,1,0,0,-0.06298073591573695,0,2,1,0,0,0,1,0,0,0
637,32.0,0,0,0,0,0,0,0,1,0,0,0,1,0,1,0,0,-0.2827766613540295,0,3,0,1,0,0,0,1,0,0
638,31.0,0,0,0,0,0,0,0,1,0,0,0,1,2,0,0,1,0.5108706950315294,1,2,0,1,1,0,0,1,0,0
639,41.0,0,0,0,0,0,0,0,1,0,0,0,1,5,0,1,0,1.092842665095974,5,3,1,0,0,0,0,0,1,0
640,25.0,0,0,0,0,0,0,0,1,0,0,0,1,1,0,0,1,0.07127884415494427,0,3,0,1,1,0,0,1,0,0
641,20.0,0,0,0,0,0,0,0,1,0,0,0,1,0,1,0,0,-0.2858429769246761,0,3,0,1,0,0,0,1,0,0
642,24.0,0,1,0,0,0,0,0,0,0,1,0,0,0,1,0,0,2.375346476335666,0,1,1,0,0,0,0,0,0,1
643,2.0,0,0,0,0,0,0,0,1,0,0,0,1,5,0,1,0,0.5823314392626983,2,3,1,0,3,0,1,0,0,0
644,25.0,0,0,0,0,0,0,0,1,0,0,0,1,0,1,0,0,1.8208024391934032,0,3,0,1,0,0,0,1,0,0
645,0.75,0,0,0,0,0,0,0,1,0,1,0,0,3,0,0,1,0.20806337052179327,1,3,1,0,2,0,1,0,0,0
646,48.0,0,0,0,1,0,0,0,0,0,1,0,0,1,0,0,1,2.6971017254521517,0,1,0,1,1,0,0,1,0,0
647,19.0,0,0,0,0,0,0,0,1,0,0,0,1,0,1,0,0,-0.2840412999792114,0,3,0,1,0,0,0,1,0,0
648,56.0,1,0,0,0,0,0,0,0,0,1,0,0,0,1,0,0,0.9114839581456586,0,1,0,1,0,0,0,0,0,1
649,25.0,0,0,0,0,0,0,0,1,0,0,0,1,0,1,0,0,-0.2990177395883861,0,3,0,1,0,0,0,1,0,0
650,23.0,0,0,0,0,0,0,0,1,0,0,0,1,0,1,0,0,-0.2990177395883861,0,3,1,0,0,0,1,0,0,0
651,25.0,0,0,0,0,0,0,0,1,0,0,0,1,0,1,0,0,-0.2840412999792114,0,3,0,1,0,0,0,1,0,0
652,18.0,0,0,0,0,0,0,0,1,0,0,0,1,1,0,0,1,0.37011468366710554,1,2,1,0,0,0,1,0,0,0
653,21.0,0,0,0,0,0,0,0,1,0,0,0,1,0,1,0,0,-0.2607624211766337,0,3,0,1,0,0,0,1,0,0
654,21.5,0,0,0,0,0,0,0,1,0,0,1,0,0,1,0,0,-0.28692571547363316,0,3,1,0,0,0,1,0,0,0
655,18.0,0,0,0,0,0,0,0,1,0,0,1,0,0,1,0,0,-0.3336653731550135,0,3,1,0,0,0,1,0,0,0
656,24.0,0,0,0,0,0,0,0,1,0,0,0,1,2,0,0,1,2.55724655256046,0,2,0,1,2,0,0,1,0,0
657,25.0,0,0,0,0,0,0,0,1,0,0,0,1,0,1,0,0,-0.2840412999792114,0,3,0,1,0,0,0,1,0,0
658,32.0,0,0,0,0,0,0,0,1,0,0,1,0,2,0,0,1,0.04529311897997366,1,3,1,0,1,0,0,0,1,0
659,23.0,0,0,0,0,0,0,0,1,0,0,0,1,0,1,0,0,-0.06298073591573695,0,2,0,1,0,0,0,1,0,0
660,58.0,0,0,0,1,0,0,0,0,0,1,0,0,2,0,0,1,4.279883583951216,2,1,0,1,0,0,0,1,0,0
661,50.0,0,0,0,0,0,0,0,1,0,0,0,1,2,0,0,1,5.162315501351258,0,1,0,1,2,0,0,0,0,1
662,40.0,0,0,0,0,0,0,0,1,0,1,0,0,0,1,0,0,-0.31309334072482853,0,3,0,1,0,0,0,1,0,0
663,47.0,0,0,0,0,1,0,0,0,0,0,0,1,0,1,0,0,0.48217812348416594,0,1,0,1,0,0,0,1,0,0
664,36.0,0,0,0,0,0,0,0,1,0,0,0,1,0,1,0,0,-0.30136511676252514,0,3,0,1,0,0,0,1,0,0
665,20.0,0,0,0,0,0,0,0,1,0,0,0,1,1,0,0,1,-0.2827766613540295,0,3,0,1,1,0,0,1,0,0
666,32.0,0,0,0,0,0,0,0,1,0,0,0,1,2,0,0,1,2.55724655256046,0,2,0,1,2,0,0,1,0,0
667,25.0,0,0,0,0,0,0,0,1,0,0,0,1,0,1,0,0,-0.06298073591573695,0,2,0,1,0,0,0,1,0,0
668,25.0,0,0,0,0,0,0,0,1,0,0,0,1,0,1,0,0,-0.2892730926477721,0,3,0,1,0,0,0,1,0,0
669,43.0,0,0,0,0,0,0,0,1,0,0,0,1,0,1,0,0,-0.277362968609244,0,3,0,1,0,0,0,1,0,0
670,35.0,0,0,1,0,0,0,0,0,0,0,0,1,1,0,0,1,1.6260914004573488,0,1,1,0,1,0,0,0,1,0
671,40.0,0,0,0,0,0,0,0,1,0,0,0,1,2,0,0,1,1.0630673549996534,1,2,1,0,1,0,0,0,1,0
672,31.0,0,1,0,0,0,0,0,0,0,0,0,1,1,0,0,1,1.6260914004573488,0,1,0,1,1,0,0,1,0,0
673,70.0,0,0,0,0,0,0,0,1,0,0,0,1,0,1,0,0,-0.1712545908114476,0,2,0,1,0,0,0,1,0,0
674,31.0,0,0,0,0,0,0,0,1,0,0,0,1,0,1,0,0,-0.06298073591573695,0,2,0,1,0,0,0,1,0,0
675,30.0,0,0,0,0,0,0,0,1,0,0,0,1,0,1,0,0,-0.6260047813734322,0,2,0,1,0,0,0,1,0,0
676,18.0,0,0,0,0,0,0,0,1,0,0,0,1,0,1,0,0,-0.2892730926477721,0,3,0,1,0,0,0,1,0,0
677,24.5,0,0,0,0,0,0,0,1,0,0,0,1,0,1,0,0,-0.277362968609244,0,3,0,1,0,0,0,1,0,0
678,18.0,0,0,0,0,0,0,0,1,0,0,0,1,0,1,0,0,-0.19976526228258612,0,3,1,0,0,0,1,0,0,0
679,43.0,0,0,0,0,0,0,0,1,0,0,0,1,7,0,1,0,1.405212736470099,6,3,1,0,1,0,0,0,1,0
680,36.0,0,1,0,0,0,0,0,0,0,1,0,0,1,0,0,1,21.56273820248077,1,1,0,1,0,0,0,1,0,0
681,21.5,0,0,0,0,0,0,0,1,0,0,1,0,0,1,0,0,-0.27357338368789413,0,3,1,0,0,0,1,0,0,0
682,27.0,0,0,0,1,0,0,0,0,0,1,0,0,0,1,0,0,2.6971017254521517,0,1,0,1,0,0,0,1,0,0
683,20.0,0,0,0,0,0,0,0,1,0,0,0,1,0,1,0,0,-0.22647425680826,0,3,0,1,0,0,0,1,0,0
684,14.0,0,0,0,0,0,0,0,1,0,0,0,1,7,0,1,0,1.405212736470099,2,3,0,1,5,0,0,1,0,0
685,60.0,0,0,0,0,0,0,0,1,0,0,0,1,2,0,0,1,1.0630673549996534,1,2,0,1,1,0,0,1,0,0
686,25.0,0,0,0,0,0,0,0,1,0,1,0,0,3,0,0,1,1.1747713256184602,2,2,0,1,1,0,0,1,0,0
687,14.0,0,0,0,0,0,0,0,1,0,0,0,1,5,0,1,0,1.092842665095974,1,3,0,1,4,0,0,1,0,0
688,19.0,0,0,0,0,0,0,0,1,0,0,0,1,0,1,0,0,-0.18551209202411476,0,3,0,1,0,0,0,1,0,0
689,18.0,0,0,0,0,0,0,0,1,0,0,0,1,0,1,0,0,-0.28837225417503987,0,3,0,1,0,0,0,1,0,0
690,15.0,0,1,0,0,0,0,0,0,0,0,0,1,1,0,0,1,8.526925542235466,1,1,1,0,0,0,1,0,0,0
691,31.0,0,1,0,0,0,0,0,0,0,0,0,1,1,0,0,1,1.84263911024877,0,1,0,1,1,0,0,1,0,0
692,4.0,0,0,0,0,0,0,0,1,0,1,0,0,1,0,0,1,-0.04493364978171989,1,3,1,0,0,0,1,0,0,0
693,25.0,0,0,0,0,0,0,0,1,0,0,0,1,0,1,0,0,1.8208024391934032,0,3,0,1,0,0,0,1,0,0
694,25.0,0,0,0,0,0,0,0,1,0,1,0,0,0,1,0,0,-0.31309334072482853,0,3,0,1,0,0,0,1,0,0
695,60.0,0,0,0,0,0,0,0,1,0,0,0,1,0,1,0,0,0.5238635576190146,0,1,0,1,0,0,0,0,0,1
696,52.0,0,0,0,0,0,0,0,1,0,0,0,1,0,1,0,0,-0.041325964936594836,0,2,0,1,0,0,0,1,0,0
697,44.0,0,0,0,0,0,0,0,1,0,0,0,1,0,1,0,0,-0.277362968609244,0,3,0,1,0,0,0,1,0,0
698,21.5,0,0,0,0,0,0,0,1,0,0,1,0,0,1,0,0,-0.29107910054743263,0,3,1,0,0,0,1,0,0,0
699,49.0,0,0,1,0,0,0,0,0,0,1,0,0,2,0,0,1,4.1763001524495875,1,1,0,1,1,0,0,1,0,0
700,42.0,0,0,0,0,0,1,0,0,0,0,0,1,0,1,0,0,-0.29468678539255766,0,3,0,1,0,0,0,1,0,0
701,18.0,0,0,1,0,0,0,0,0,0,1,0,0,1,0,0,1,9.227998752685192,0,1,1,0,1,0,0,0,1,0
702,35.0,0,0,0,0,1,0,0,0,0,0,0,1,0,1,0,0,0.5124948028549651,0,1,0,1,0,0,0,1,0,0
703,18.0,0,0,0,0,0,0,0,1,0,1,0,0,1,0,0,1,0.0,1,3,1,0,0,0,1,0,0,0
704,25.0,0,0,0,0,0,0,0,1,0,0,1,0,0,1,0,0,-0.290715300394983,0,3,0,1,0,0,0,1,0,0
705,26.0,0,0,0,0,0,0,0,1,0,0,0,1,1,0,0,1,-0.2858429769246761,0,3,0,1,1,0,0,1,0,0
706,39.0,0,0,0,0,0,0,0,1,0,0,0,1,0,1,0,0,0.5000433095419583,0,2,0,1,0,0,0,1,0,0
707,45.0,0,0,0,0,0,0,0,1,0,0,0,1,0,1,0,0,-0.041325964936594836,0,2,1,0,0,0,0,0,1,0
708,42.0,0,0,0,0,1,0,0,0,0,0,0,1,0,1,0,0,0.5124948028549651,0,1,0,1,0,0,0,1,0,0
709,22.0,0,0,0,0,0,0,0,1,0,0,0,1,0,1,0,0,5.937556302404546,0,1,1,0,0,0,1,0,0,0
710,25.0,0,0,0,0,0,0,0,1,0,1,0,0,2,0,0,1,0.03428383341417777,1,3,0,1,1,1,0,0,0,0
711,24.0,0,0,1,0,0,0,0,0,0,1,0,0,0,1,0,0,1.5179994456378627,0,1,1,0,0,0,0,0,0,1
712,40.0,0,0,1,0,0,0,0,0,0,0,0,1,0,1,0,0,0.5238635576190146,0,1,0,1,0,0,0,1,0,0
713,48.0,0,0,1,0,0,0,0,0,0,0,0,1,1,0,0,1,1.6260914004573488,0,1,0,1,1,0,0,1,0,0
714,29.0,0,0,0,0,0,0,0,1,0,0,0,1,0,1,0,0,-0.21528740212043518,0,3,0,1,0,0,0,1,0,0
715,52.0,0,0,0,0,0,0,0,1,0,0,0,1,0,1,0,0,-0.06298073591573695,0,2,0,1,0,0,0,1,0,0
716,19.0,0,0,0,0,0,1,0,0,0,0,0,1,0,1,0,0,-0.29468678539255766,0,3,0,1,0,0,0,1,0,0
717,38.0,0,0,1,0,0,0,0,0,0,1,0,0,0,1,0,0,9.227998752685192,0,1,1,0,0,0,1,0,0,0
718,27.0,0,0,0,0,1,0,0,0,0,0,0,1,0,1,0,0,-0.1712545908114476,0,2,1,0,0,0,1,0,0,0
719,25.0,0,0,0,0,0,0,0,1,0,0,1,0,0,1,0,0,0.04529311897997366,0,3,0,1,0,0,0,1,0,0
720,33.0,0,0,0,0,0,0,0,1,0,0,0,1,0,1,0,0,-0.2892730926477721,0,3,0,1,0,0,0,1,0,0
721,6.0,0,0,0,0,0,0,0,1,0,0,0,1,1,0,0,1,0.803210103249948,1,2,1,0,0,0,1,0,0,0
722,17.0,0,0,0,0,0,0,0,1,0,0,0,1,1,0,0,1,-0.32049061049130345,0,3,0,1,1,0,0,1,0,0
723,34.0,0,0,0,0,0,0,0,1,0,0,0,1,0,1,0,0,-0.06298073591573695,0,2,0,1,0,0,0,1,0,0
724,50.0,0,0,0,0,0,0,0,1,0,0,0,1,0,1,0,0,-0.06298073591573695,0,2,0,1,0,0,0,1,0,0
725,27.0,0,0,0,0,1,0,0,0,0,0,0,1,1,0,0,1,1.6737318966114614,0,1,0,1,1,0,0,1,0,0
726,20.0,0,0,0,0,0,0,0,1,0,0,0,1,0,1,0,0,-0.2508358741597949,0,3,0,1,0,0,0,1,0,0
727,30.0,0,0,0,0,0,0,0,1,0,0,0,1,3,0,0,1,0.283495599750537,0,2,1,0,3,0,0,0,1,0
728,21.5,0,0,0,0,0,0,0,1,0,0,1,0,0,1,0,0,-0.2908972004712078,0,3,1,0,0,0,1,0,0,0
729,25.0,0,0,0,0,0,0,0,1,0,0,0,1,1,0,0,1,0.5000433095419583,0,2,0,1,1,0,0,1,0,0
730,25.0,0,0,0,0,0,0,0,1,0,0,0,1,1,0,0,1,-0.2827766613540295,0,3,1,0,1,0,1,0,0,0
731,29.0,0,1,0,0,0,0,0,0,0,0,0,1,0,1,0,0,8.526925542235466,0,1,1,0,0,0,1,0,0,0
732,11.0,0,0,0,0,0,0,0,1,0,1,0,0,0,1,0,0,0.18767323816783318,0,3,0,1,0,0,0,1,0,0
733,30.0,0,0,0,0,0,0,0,1,0,0,0,1,0,1,0,0,-0.6260047813734322,0,2,0,1,0,0,0,1,0,0
734,23.0,0,0,0,0,0,0,0,1,0,0,0,1,0,1,0,0,-0.06298073591573695,0,2,0,1,0,0,0,1,0,0
735,23.0,0,0,0,0,0,0,0,1,0,0,0,1,0,1,0,0,-0.06298073591573695,0,2,0,1,0,0,0,1,0,0
736,28.5,0,0,0,0,0,0,0,1,0,0,0,1,0,1,0,0,0.07127884415494427,0,3,0,1,0,0,0,1,0,0
737,48.0,0,0,0,0,0,0,0,1,0,0,0,1,4,0,1,0,0.8627607234425888,3,3,1,0,1,0,0,0,1,0
738,35.0,0,1,0,0,0,0,0,0,0,1,0,0,0,1,0,0,21.56273820248077,0,1,0,1,0,0,0,1,0,0
739,25.0,0,0,0,0,0,0,0,1,0,0,0,1,0,1,0,0,-0.2840412999792114,0,3,0,1,0,0,0,1,0,0
740,25.0,0,0,0,0,0,0,0,1,0,0,0,1,0,1,0,0,-0.2840412999792114,0,3,0,1,0,0,0,1,0,0
741,40.0,0,0,0,1,0,0,0,0,0,0,0,1,0,1,0,0,0.6732814773750952,0,1,0,1,0,0,0,1,0,0
742,36.0,0,0,1,0,0,0,0,0,0,0,0,1,1,0,0,1,2.7889526020372806,0,1,0,1,1,0,0,1,0,0
743,21.0,0,1,0,0,0,0,0,0,0,1,0,0,4,0,1,0,10.737336289931397,2,1,1,0,2,0,1,0,0,0
744,24.0,0,0,0,0,0,0,0,1,0,0,0,1,1,0,0,1,0.07127884415494427,0,3,0,1,1,0,0,1,0,0
745,31.0,0,0,0,0,0,0,0,1,0,0,0,1,0,1,0,0,-0.2827766613540295,0,3,0,1,0,0,0,1,0,0
746,70.0,0,1,0,0,0,0,0,0,0,0,0,1,2,0,0,1,2.4489726976647495,1,1,0,1,1,0,0,0,0,1
747,16.0,0,0,0,0,0,0,0,1,0,0,0,1,2,0,0,1,0.25101344328182384,1,3,0,1,1,0,0,1,0,0
748,30.0,0,0,0,0,0,0,0,1,0,0,0,1,0,1,0,0,-0.06298073591573695,0,2,1,0,0,0,1,0,0,0
749,19.0,0,0,0,1,0,0,0,0,0,0,0,1,1,0,0,1,1.6737318966114614,0,1,0,1,1,0,0,1,0,0
750,31.0,0,0,0,0,0,0,0,1,0,0,1,0,0,1,0,0,-0.29035583119672925,0,3,0,1,0,0,0,1,0,0
751,4.0,0,0,0,0,0,0,0,1,0,0,0,1,2,0,0,1,0.37011468366710554,1,2,1,0,1,0,1,0,0,0
752,6.0,0,0,0,0,1,0,0,0,0,0,0,1,1,0,0,1,-0.0857182454438362,1,3,0,1,0,1,0,0,0,0
753,33.0,0,0,0,0,0,0,0,1,0,0,0,1,0,1,0,0,-0.21456413276973182,0,3,0,1,0,0,0,1,0,0
754,23.0,0,0,0,0,0,0,0,1,0,0,0,1,0,1,0,0,-0.2840412999792114,0,3,0,1,0,0,0,1,0,0
755,48.0,0,0,0,0,0,0,0,1,0,0,0,1,3,0,0,1,2.1891154459150437,2,2,1,0,1,0,0,0,1,0
756,0.67,0,0,0,0,0,0,0,1,0,0,0,1,2,0,0,1,0.001983577021689412,1,2,0,1,1,1,0,0,0,0
757,28.0,0,0,0,0,0,0,0,1,0,0,0,1,0,1,0,0,-0.28837225417503987,0,3,0,1,0,0,0,1,0,0
758,18.0,0,0,0,0,0,0,0,1,0,0,0,1,0,1,0,0,-0.12794504885316332,0,2,0,1,0,0,0,1,0,0
759,34.0,0,0,0,0,0,0,0,1,0,0,0,1,0,1,0,0,-0.277362968609244,0,3,0,1,0,0,0,1,0,0
760,33.0,0,1,0,0,0,0,0,0,0,0,0,1,0,1,0,0,3.120270598018155,0,1,1,0,0,0,0,0,0,1
761,25.0,0,0,0,0,0,0,0,1,0,0,0,1,0,1,0,0,0.001983577021689412,0,3,0,1,0,0,0,1,0,0
762,41.0,0,0,0,0,0,0,0,1,0,0,0,1,0,1,0,0,-0.31742429492065694,0,3,0,1,0,0,0,1,0,0
763,20.0,0,0,0,0,0,0,0,1,0,1,0,0,0,1,0,0,-0.3129114406486037,0,3,0,1,0,0,0,1,0,0
764,36.0,0,1,0,0,0,0,0,0,0,0,0,1,3,0,0,1,4.571140253620677,2,1,1,0,1,0,0,0,1,0
765,16.0,0,0,0,0,0,0,0,1,0,0,0,1,0,1,0,0,-0.2892730926477721,0,3,0,1,0,0,0,1,0,0
766,51.0,0,0,0,1,0,0,0,0,0,0,0,1,1,0,0,1,2.7503334834730784,0,1,1,0,1,0,0,0,1,0
767,40.0,0,0,0,0,0,0,0,1,0,1,0,0,0,1,0,0,1.089053080174624,0,1,0,1,0,0,0,0,0,1
768,30.5,0,0,0,0,0,0,0,1,0,0,1,0,0,1,0,0,-0.29035583119672925,0,3,1,0,0,0,1,0,0,0
769,25.0,0,0,0,0,0,0,0,1,0,0,1,0,1,0,0,1,0.41992065691913233,0,3,0,1,1,0,0,1,0,0
770,32.0,0,0,0,0,0,0,0,1,0,0,0,1,0,1,0,0,-0.26382873674728013,0,3,0,1,0,0,0,1,0,0
771,24.0,0,0,0,0,0,0,0,1,0,0,0,1,0,1,0,0,-0.21456413276973182,0,3,0,1,0,0,0,1,0,0
772,48.0,0,0,0,0,0,0,0,1,0,0,0,1,0,1,0,0,-0.2858429769246761,0,3,0,1,0,0,0,1,0,0
773,57.0,0,0,0,0,1,0,0,0,0,0,0,1,0,1,0,0,-0.1712545908114476,0,2,1,0,0,0,0,0,1,0
774,25.0,0,0,0,0,0,0,0,1,0,1,0,0,0,1,0,0,-0.31309334072482853,0,3,0,1,0,0,0,1,0,0
775,54.0,0,0,0,0,0,0,0,1,0,0,0,1,4,0,1,0,0.37011468366710554,3,2,1,0,1,0,0,0,1,0
776,18.0,0,0,0,0,0,0,0,1,0,0,0,1,0,1,0,0,-0.29035583119672925,0,3,0,1,0,0,0,1,0,0
777,25.0,0,0,0,0,0,1,0,0,0,0,1,0,0,1,0,0,-0.29035583119672925,0,3,0,1,0,0,0,1,0,0
778,5.0,0,0,0,0,0,0,0,1,0,0,0,1,0,1,0,0,-0.0857182454438362,0,3,1,0,0,0,1,0,0,0
779,25.0,0,0,0,0,0,0,0,1,0,0,1,0,0,1,0,0,-0.2908972004712078,0,3,0,1,0,0,0,1,0,0
780,43.0,0,1,0,0,0,0,0,0,0,0,0,1,1,0,0,1,8.526925542235466,1,1,1,0,0,0,0,0,1,0
781,13.0,0,0,0,0,0,0,0,1,0,1,0,0,0,1,0,0,-0.3129114406486037,0,3,1,0,0,0,1,0,0,0
782,17.0,0,1,0,0,0,0,0,0,0,0,0,1,1,0,0,1,1.84263911024877,0,1,1,0,1,0,0,0,1,0
783,29.0,0,0,0,1,0,0,0,0,0,0,0,1,0,1,0,0,0.6732814773750952,0,1,0,1,0,0,0,1,0,0
784,25.0,0,0,0,0,0,0,0,1,0,0,0,1,3,0,0,1,0.3896039775483334,2,3,0,1,1,0,0,1,0,0
785,25.0,0,0,0,0,0,0,0,1,0,0,0,1,0,1,0,0,-0.32067251056752827,0,3,0,1,0,0,0,1,0,0
786,25.0,0,0,0,0,0,0,0,1,0,0,0,1,0,1,0,0,-0.3120106021758714,0,3,0,1,0,0,0,1,0,0
787,18.0,0,0,0,0,0,0,0,1,0,0,0,1,0,1,0,0,-0.30136511676252514,0,3,1,0,0,0,1,0,0,0
788,8.0,0,0,0,0,0,0,0,1,0,0,1,0,5,0,1,0,0.6353856281615965,1,3,0,1,4,1,0,0,0,0
789,1.0,0,0,0,0,0,0,0,1,0,0,0,1,3,0,0,1,0.2650890444182662,2,3,0,1,1,1,0,0,0,0
790,46.0,0,1,0,0,0,0,0,0,0,1,0,0,0,1,0,0,2.8041109417226804,0,1,0,1,0,0,0,1,0,0
791,25.0,0,0,0,0,0,0,0,1,0,0,1,0,0,1,0,0,-0.29035583119672925,0,3,0,1,0,0,0,1,0,0
792,16.0,0,0,0,0,0,0,0,1,0,0,0,1,0,1,0,0,0.5000433095419583,0,2,0,1,0,0,0,1,0,0
793,21.5,0,0,0,0,0,0,0,1,0,0,0,1,10,0,1,0,2.3861738618252373,2,3,1,0,8,0,1,0,0,0
794,40.0,0,0,0,0,0,0,0,1,0,1,0,0,0,1,0,0,0.7034162566696693,0,1,0,1,0,0,0,1,0,0
795,25.0,0,0,0,0,0,0,0,1,0,0,0,1,0,1,0,0,-0.2840412999792114,0,3,0,1,0,0,0,1,0,0
796,39.0,0,0,0,0,0,0,0,1,0,0,0,1,0,1,0,0,-0.06298073591573695,0,2,0,1,0,0,0,1,0,0
797,49.0,0,0,0,1,0,0,0,0,0,0,0,1,0,1,0,0,0.4969769939713118,0,1,1,0,0,0,0,0,0,1
798,31.0,0,0,0,0,0,0,0,1,0,0,0,1,0,1,0,0,-0.2499350356870626,0,3,1,0,0,0,0,0,1,0
799,30.0,0,0,0,0,0,0,0,1,0,1,0,0,0,1,0,0,-0.3129114406486037,0,3,0,1,0,0,0,1,0,0
800,30.0,0,0,0,0,0,0,0,1,0,0,0,1,2,0,0,1,0.41992065691913233,1,3,1,0,1,0,0,0,1,0
801,34.0,0,0,0,0,0,0,0,1,0,0,0,1,0,1,0,0,-0.06298073591573695,0,2,0,1,0,0,0,1,0,0
802,31.0,0,0,0,0,0,0,0,1,0,0,0,1,2,0,0,1,0.5108706950315294,1,2,1,0,1,0,0,0,1,0
803,11.0,0,1,0,0,0,0,0,0,0,0,0,1,3,0,0,1,4.571140253620677,2,1,0,1,1,1,0,0,0,0
804,0.42,0,0,0,0,0,0,0,1,0,1,0,0,1,0,0,1,-0.2571504053773127,1,3,0,1,0,1,0,0,0,0
805,27.0,0,0,0,0,0,0,0,1,0,0,0,1,0,1,0,0,-0.32392072621439955,0,3,0,1,0,0,0,1,0,0
806,31.0,0,0,0,0,0,0,0,1,0,0,0,1,0,1,0,0,-0.2892730926477721,0,3,0,1,0,0,0,1,0,0
807,39.0,1,0,0,0,0,0,0,0,0,0,0,1,0,1,0,0,-0.6260047813734322,0,1,0,1,0,0,0,1,0,0
808,18.0,0,0,0,0,0,0,0,1,0,0,0,1,0,1,0,0,-0.2892730926477721,0,3,1,0,0,0,1,0,0,0
809,39.0,0,0,0,0,0,0,0,1,0,0,0,1,0,1,0,0,-0.06298073591573695,0,2,0,1,0,0,0,1,0,0
810,33.0,0,0,0,0,1,0,0,0,0,0,0,1,1,0,0,1,1.6737318966114614,0,1,1,0,1,0,0,0,1,0
811,26.0,0,0,0,0,0,0,0,1,0,0,0,1,0,1,0,0,-0.28440076917746515,0,3,0,1,0,0,0,1,0,0
812,39.0,0,0,0,0,0,0,0,1,0,0,0,1,0,1,0,0,0.41992065691913233,0,3,0,1,0,0,0,1,0,0
813,35.0,0,0,0,0,0,0,0,1,0,0,0,1,0,1,0,0,-0.1712545908114476,0,2,0,1,0,0,0,1,0,0
814,6.0,0,0,0,0,0,0,0,1,0,0,0,1,6,0,1,0,0.7285011433719076,2,3,1,0,4,0,1,0,0,0
815,30.5,0,0,0,0,0,0,0,1,0,0,0,1,0,1,0,0,-0.277362968609244,0,3,0,1,0,0,0,1,0,0
816,40.0,0,1,0,0,0,0,0,0,0,0,0,1,0,1,0,0,-0.6260047813734322,0,1,0,1,0,0,0,1,0,0
817,23.0,0,0,0,0,0,0,0,1,0,0,0,1,0,1,0,0,-0.2827766613540295,0,3,1,0,0,0,1,0,0,0
818,31.0,0,0,0,0,0,0,0,1,0,1,0,0,2,0,0,1,0.9766301711593096,1,2,0,1,1,0,0,1,0,0
819,43.0,0,0,0,0,0,0,0,1,0,0,0,1,0,1,0,0,-0.3466582357424988,0,3,0,1,0,0,0,1,0,0
820,10.0,0,0,0,0,0,0,0,1,0,0,0,1,5,0,1,0,0.5823314392626983,2,3,0,1,3,1,0,0,0,0
821,52.0,0,1,0,0,0,0,0,0,0,0,0,1,2,0,0,1,3.423437391726145,1,1,1,0,1,0,0,0,1,0
822,27.0,0,0,0,0,0,0,0,1,0,0,0,1,0,1,0,0,-0.2508358741597949,0,3,0,1,0,0,0,1,0,0
823,38.0,0,0,0,0,0,0,0,1,0,0,0,1,0,1,0,0,-0.6260047813734322,0,1,0,1,0,0,0,0,0,1
824,27.0,0,0,0,0,1,0,0,0,0,0,0,1,1,0,0,1,-0.0857182454438362,1,3,1,0,0,0,0,0,1,0
825,2.0,0,0,0,0,0,0,0,1,0,0,0,1,5,0,1,0,1.092842665095974,1,3,0,1,4,1,0,0,0,0
826,25.0,0,0,0,0,0,0,0,1,0,0,1,0,0,1,0,0,-0.3250034647633567,0,3,0,1,0,0,0,1,0,0
827,25.0,0,0,0,0,0,0,0,1,0,0,0,1,0,1,0,0,1.8208024391934032,0,3,0,1,0,0,0,1,0,0
828,1.0,0,0,0,0,0,0,0,1,0,1,0,0,2,0,0,1,0.9766301711593096,2,2,0,1,0,1,0,0,0,0
829,25.0,0,0,0,0,0,0,0,1,0,0,1,0,0,1,0,0,-0.29035583119672925,0,3,0,1,0,0,0,1,0,0
830,62.0,0,1,0,0,0,0,0,0,0,0,0,1,0,1,0,0,2.8387585752893076,0,1,1,0,0,0,0,0,1,0
831,15.0,0,0,0,0,0,0,0,1,0,1,0,0,1,0,0,1,0.0,0,3,1,0,1,0,0,0,1,0
832,0.83,0,0,0,0,0,0,0,1,0,0,0,1,2,0,0,1,0.18604913034439746,1,2,0,1,1,1,0,0,0,0
833,25.0,0,0,0,0,0,0,0,1,0,1,0,0,0,1,0,0,-0.3129114406486037,0,3,0,1,0,0,0,1,0,0
834,23.0,0,0,0,0,0,0,0,1,0,0,0,1,0,1,0,0,-0.2858429769246761,0,3,0,1,0,0,0,1,0,0
835,18.0,0,0,0,0,0,0,0,1,0,0,0,1,0,1,0,0,-0.2665355831196729,0,3,0,1,0,0,0,1,0,0
836,39.0,0,0,0,0,1,0,0,0,0,1,0,0,2,0,0,1,2.9755431016561564,1,1,1,0,1,0,1,0,0,0
837,21.0,0,0,0,0,0,0,0,1,0,0,0,1,0,1,0,0,-0.2508358741597949,0,3,0,1,0,0,0,1,0,0
838,25.0,0,0,0,0,0,0,0,1,0,0,0,1,0,1,0,0,-0.277362968609244,0,3,0,1,0,0,0,1,0,0
839,32.0,0,0,0,0,0,0,0,1,0,0,0,1,0,1,0,0,1.8208024391934032,0,3,0,1,0,0,0,1,0,0
840,40.0,0,0,1,0,0,0,0,0,0,1,0,0,0,1,0,0,0.6602886147876099,0,1,0,1,0,0,0,1,0,0
841,20.0,0,0,0,0,0,0,0,1,0,0,0,1,0,1,0,0,-0.2827766613540295,0,3,0,1,0,0,0,1,0,0
842,16.0,0,0,0,0,0,0,0,1,0,0,0,1,0,1,0,0,-0.1712545908114476,0,2,0,1,0,0,0,1,0,0
843,30.0,0,0,0,0,0,0,0,1,0,1,0,0,0,1,0,0,0.7165910193333795,0,1,1,0,0,0,1,0,0,0
844,34.5,0,0,0,0,0,0,0,1,0,1,0,0,0,1,0,0,-0.34719960501697733,0,3,0,1,0,0,0,1,0,0
845,17.0,0,0,0,0,0,0,0,1,0,0,0,1,0,1,0,0,-0.2508358741597949,0,3,0,1,0,0,0,1,0,0
846,42.0,0,0,0,0,0,0,0,1,0,0,0,1,0,1,0,0,-0.2990177395883861,0,3,0,1,0,0,0,1,0,0
847,25.0,0,0,0,0,0,0,0,1,0,0,0,1,10,0,1,0,2.3861738618252373,2,3,0,1,8,0,0,1,0,0
848,35.0,0,0,0,0,0,0,0,1,0,1,0,0,0,1,0,0,-0.2840412999792114,0,3,0,1,0,0,0,1,0,0
849,28.0,0,0,0,0,0,0,0,1,0,0,0,1,1,0,0,1,0.803210103249948,1,2,0,1,0,0,0,0,0,1
850,35.0,0,0,1,0,0,0,0,0,0,1,0,0,1,0,0,1,3.2330573071859194,0,1,1,0,1,0,0,0,1,0
851,4.0,0,0,0,0,0,0,0,1,0,0,0,1,6,0,1,0,0.7285011433719076,2,3,0,1,4,1,0,0,0,0
852,74.0,0,0,0,0,0,0,0,1,0,0,0,1,0,1,0,0,-0.2892730926477721,0,3,0,1,0,0,0,1,0,0
853,9.0,0,0,0,0,0,0,0,1,0,1,0,0,2,0,0,1,0.03428383341417777,1,3,1,0,1,0,1,0,0,0
854,16.0,0,0,0,1,0,0,0,0,0,0,0,1,1,0,0,1,1.080391171782967,1,1,1,0,0,0,1,0,0,0
855,44.0,0,0,0,0,0,0,0,1,0,0,0,1,1,0,0,1,0.5000433095419583,0,2,1,0,1,0,0,0,1,0
856,18.0,0,0,0,0,0,0,0,1,0,0,0,1,1,0,0,1,-0.2210605640634745,1,3,1,0,0,0,0,0,1,0
857,45.0,0,0,0,0,0,0,0,1,0,0,0,1,2,0,0,1,6.51429647980043,1,1,1,0,1,0,0,0,1,0
858,51.0,0,0,0,0,1,0,0,0,0,0,0,1,0,1,0,0,0.5238635576190146,0,1,0,1,0,0,0,1,0,0
859,24.0,0,0,0,0,0,0,0,1,0,1,0,0,3,0,0,1,0.20806337052179327,3,3,1,0,0,0,0,0,1,0
860,25.0,0,0,0,0,0,0,0,1,0,1,0,0,0,1,0,0,-0.3129114406486037,0,3,0,1,0,0,0,1,0,0
861,41.0,0,0,0,0,0,0,0,1,0,0,0,1,2,0,0,1,-0.014980770563370535,0,3,0,1,2,0,0,1,0,0
862,21.0,0,0,0,0,0,0,0,1,0,0,0,1,1,0,0,1,-0.12794504885316332,0,2,0,1,1,0,0,1,0,0
863,48.0,0,0,0,1,0,0,0,0,0,0,0,1,0,1,0,0,0.4969769939713118,0,1,1,0,0,0,0,0,1,0
864,21.5,0,0,0,0,0,0,0,1,0,0,0,1,10,0,1,0,2.3861738618252373,2,3,1,0,8,0,1,0,0,0
865,24.0,0,0,0,0,0,0,0,1,0,0,0,1,0,1,0,0,-0.06298073591573695,0,2,0,1,0,0,0,1,0,0
866,42.0,0,0,0,0,0,0,0,1,0,0,0,1,0,1,0,0,-0.06298073591573695,0,2,1,0,0,0,0,0,1,0
867,27.0,0,0,0,0,0,0,0,1,0,1,0,0,1,0,0,1,-0.025808156052941598,0,2,1,0,1,0,1,0,0,0
868,31.0,1,0,0,0,0,0,0,0,0,0,0,1,0,1,0,0,1.5609451874436977,0,1,0,1,0,0,0,1,0,0
869,25.0,0,0,0,0,0,0,0,1,0,0,0,1,0,1,0,0,-0.21456413276973182,0,3,0,1,0,0,0,1,0,0
870,4.0,0,0,0,0,0,0,0,1,0,0,0,1,2,0,0,1,-0.14382665788926616,1,3,0,1,1,1,0,0,0,0
871,26.0,0,0,0,0,0,0,0,1,0,0,0,1,0,1,0,0,-0.2840412999792114,0,3,0,1,0,0,0,1,0,0
872,47.0,0,0,0,1,0,0,0,0,0,0,0,1,2,0,0,1,1.6500935486106298,1,1,1,0,1,0,0,0,1,0
873,33.0,0,1,0,0,0,0,0,0,0,0,0,1,0,1,0,0,-0.40945707158201095,0,1,0,1,0,0,0,1,0,0
874,47.0,0,0,0,0,0,0,0,1,0,0,0,1,0,1,0,0,-0.23621890374887394,0,3,0,1,0,0,0,1,0,0
875,28.0,0,0,0,0,0,0,0,1,0,1,0,0,1,0,0,1,0.4134242256253898,0,2,1,0,1,0,0,0,1,0
876,15.0,0,0,0,0,0,0,0,1,0,1,0,0,0,1,0,0,-0.31309334072482853,0,3,1,0,0,0,1,0,0,0
877,20.0,0,0,0,0,0,0,0,1,0,0,0,1,0,1,0,0,-0.1995876931605571,0,3,0,1,0,0,0,1,0,0
878,19.0,0,0,0,0,0,0,0,1,0,0,0,1,0,1,0,0,-0.2840412999792114,0,3,0,1,0,0,0,1,0,0
879,25.0,0,0,0,0,0,0,0,1,0,0,0,1,0,1,0,0,-0.2840412999792114,0,3,0,1,0,0,0,1,0,0
880,56.0,0,0,1,0,0,0,0,0,0,1,0,0,1,0,0,1,2.9755431016561564,1,1,1,0,0,0,0,0,1,0
881,25.0,0,0,0,0,0,0,0,1,0,0,0,1,1,0,0,1,0.5000433095419583,1,2,1,0,0,0,0,0,1,0
882,33.0,0,0,0,0,0,0,0,1,0,0,0,1,0,1,0,0,-0.2840412999792114,0,3,0,1,0,0,0,1,0,0
883,22.0,0,0,0,0,0,0,0,1,0,0,0,1,0,1,0,0,-0.17053132146074423,0,3,1,0,0,0,1,0,0,0
884,28.0,0,0,0,0,0,0,0,1,0,0,0,1,0,1,0,0,-0.1712545908114476,0,2,0,1,0,0,0,1,0,0
885,25.0,0,0,0,0,0,0,0,1,0,0,0,1,0,1,0,0,-0.32067251056752827,0,3,0,1,0,0,0,1,0,0
886,39.0,0,0,0,0,0,0,0,1,0,0,1,0,5,0,1,0,0.6353856281615965,5,3,1,0,0,0,0,0,1,0
887,27.0,0,0,0,0,0,0,0,1,0,0,0,1,0,1,0,0,-0.06298073591573695,0,2,0,1,0,0,0,0,0,1
888,19.0,0,1,0,0,0,0,0,0,0,0,0,1,0,1,0,0,0.6732814773750952,0,1,1,0,0,0,1,0,0,0
889,21.5,0,0,0,0,0,0,0,1,0,0,0,1,3,0,0,1,0.3896039775483334,2,3,1,0,1,0,1,0,0,0
890,26.0,0,0,1,0,0,0,0,0,0,1,0,0,0,1,0,0,0.6732814773750952,0,1,0,1,0,0,0,1,0,0
891,32.0,0,0,0,0,0,0,0,1,0,0,1,0,0,1,0,0,-0.29035583119672925,0,3,0,1,0,0,0,1,0,0
