Id,Price
3189,386133.3333333333
2539,527500.0
9171,700000.0
4741,1071500.0
12455,1384000.0
3504,895818.1818181818
1616,2049692.3076923077
3881,1584382.3529411764
11867,435000.0
12803,882923.1538461539
4545,1015500.0
526,2130714.285714286
7075,714000.0
6695,1044652.7777777778
3736,799038.4615384615
11603,737500.0
2479,257500.0
4307,949500.0
2871,788333.3333333334
12941,1027375.0
8095,991937.5
2470,1450100.0
13115,1442285.7142857143
243,1547000.0
8850,1050785.7142857143
3183,587675.0
13184,685550.0
3405,560000.0
13465,2846250.0
2442,533023.8095238095
4936,964928.5714285715
1687,1679000.0
12869,817857.1428571428
868,578142.8571428572
7642,1023666.6666666666
3450,718000.0
5349,1017738.0952380953
1665,2133250.0
7883,1267500.0
5586,464377.77777777775
3844,1019000.0
13306,693857.1428571428
7398,337500.0
2619,421625.0
8522,1044652.7777777778
1962,506285.71428571426
3801,2808400.0
3593,650944.4444444445
8169,1375666.6666666667
4401,599714.2857142857
11401,836666.6666666666
7977,663375.0
7943,1859625.0
9394,1440500.0
5975,726074.074074074
9126,1428000.0
11996,539437.5
6578,362000.0
10232,1536000.0
7156,1201000.0
5046,723200.0
7849,1523700.0
6891,529666.6666666666
6908,690100.0
7271,950764.7058823529
7453,1547000.0
598,1664611.111111111
4384,1000000.0
9262,428500.0
9819,907625.0
5944,342750.0
9268,1351666.6666666667
4585,1473750.0
10360,1043875.0
6467,744750.0
1289,878785.7142857143
8206,814300.0
2337,1752650.0
9831,845500.0
10556,755000.0
362,1167521.7391304348
3600,2303200.0
6500,1371250.0
2237,1784500.0
9327,1201666.6666666667
7325,1104750.0
1573,2049692.3076923077
6775,575888.8888888889
5675,703014.7058823529
103,3031250.0
10789,1353807.6923076923
1933,978057.6923076923
9161,693375.0
12650,1519142.857142857
737,1228392.857142857
11572,726074.074074074
10457,500000.0
205,799807.6923076923
3486,729391.304347826
3371,1383227.2727272727
1487,1263923.076923077
5193,857250.0
4213,1015293.1034482758
4943,964928.5714285715
7552,2350200.0
11426,474400.0
13508,739000.0
11214,2560000.0
1963,978057.6923076923
6323,1244200.0
9966,1300000.0
5449,902900.0
5421,663062.5
4766,532333.3333333334
9976,303666.6666666667
13030,620000.0
13080,1293661.75
2708,962941.1764705882
7095,980000.0
5861,1167416.6666666667
1201,1477692.3076923077
8990,649300.0
13550,693857.1428571428
5823,577596.1538461539
2060,785466.6666666666
1366,1488647.0588235294
12178,679636.3636363636
2410,1450100.0
8620,1203000.0
12881,1781571.4285714286
9188,670000.0
7540,1583700.0
12406,512955.8823529412
10104,638571.4285714285
9897,790000.0
3568,956500.0
8524,798214.2857142857
769,1228392.857142857
10811,567500.0
3295,675000.0
9873,786000.0
12401,593738.4615384615
8124,1136727.2727272727
3988,504833.3333333333
12836,1740333.3333333333
12200,484271.4285714286
13160,745000.0
2074,785466.6666666666
5087,738471.6981132076
10132,1770400.0
3493,729391.304347826
10935,1240000.0
9863,1427200.0
12509,2108250.0
3101,1132500.0
1657,2133250.0
4314,1121500.0
8477,1015600.0
9379,661500.0
3712,1713400.0
13406,1026500.0
13088,882923.1538461539
6161,2005236.8421052631
5760,1141666.6666666667
3777,2808400.0
641,1837714.2857142857
2497,525600.0
12462,1143500.0
3942,470000.0
6390,4254166.666666667
7492,1837714.2857142857
11156,257500.0
6755,831800.0
9454,878785.7142857143
10112,1353807.6923076923
6365,831730.7692307692
9108,786666.6666666666
11250,661500.0
273,3541000.0
1553,813000.0
3713,1791500.0
9900,1050000.0
10728,710000.0
4408,1872777.7777777778
781,875000.0
12134,795507.4074074074
12403,625750.0
8054,683166.6666666666
7875,962941.1764705882
5803,1688333.3333333333
5818,577596.1538461539
2822,1862950.0
1047,2350200.0
10925,1605000.0
6927,655634.6153846154
473,640000.0
9199,1153333.3333333333
8431,510000.0
6384,831730.7692307692
5484,1045375.0
9690,749333.3333333334
9920,679000.0
12607,1158666.6666666667
3724,651666.6666666666
9405,1498750.0
8467,1244200.0
6594,659090.9090909091
12013,452000.0
7420,558500.0
6495,1678000.0
6321,1244200.0
9830,850000.0
621,1837714.2857142857
5223,738471.6981132076
5951,701333.3333333334
1755,1389909.0909090908
7935,386133.3333333333
6117,697045.4545454546
6898,655634.6153846154
5522,1045375.0
10184,3130000.0
3639,2303200.0
710,1188000.0
5368,1483679.4871794872
323,514142.85714285716
8717,368000.0
936,578142.8571428572
7489,1837714.2857142857
10266,712666.6666666666
2881,601417.0
1081,2350200.0
11181,881250.0
2221,571500.0
8014,2051666.6666666667
5539,796000.0
11176,1282500.0
4271,890142.8571428572
11025,1030000.0
10996,2620000.0
1195,1773750.0
13220,1300000.0
10109,1314416.6666666667
6281,1244200.0
12461,920000.0
9191,1550333.3333333333
4041,2383333.3333333335
6816,1523700.0
11072,735888.8888888889
5221,417891.3043478261
2834,569681.8181818182
2781,569681.8181818182
2162,1137833.3333333333
7727,1109750.0
9039,840285.7142857143
4227,1015293.1034482758
7221,556187.5
9274,736000.0
331,705000.0
13017,710000.0
11413,1010000.0
2976,794333.3333333334
4779,1071500.0
10636,650642.8571428572
3842,612500.0
1165,1552666.6666666667
9626,565250.0
5582,1192125.0
6388,3113750.0
1463,1263923.076923077
1064,3159500.0
2882,704873.3333333334
4115,1404250.0
12314,2108250.0
6662,602525.0
9716,1005800.0
9228,460000.0
6945,655634.6153846154
1702,1389909.0909090908
4344,1094000.0
4555,1015500.0
3616,2200000.0
4262,1136727.2727272727
9459,835500.0
1104,2754733.3333333335
7645,1023666.6666666666
12940,1300000.0
5690,1925454.5454545454
13398,1063066.6666666667
4635,814300.0
10294,1162000.0
4483,941666.6666666666
3457,895818.1818181818
11135,877333.3333333334
12022,805423.0769230769
7915,513333.3333333333
3857,3306250.0
10008,824000.0
4978,922328.5714285715
3807,823583.3333333334
462,752823.5294117647
13526,642500.0
3341,1678750.0
9948,2641666.6666666665
6661,338000.0
4306,949500.0
1278,1221065.2173913044
7009,652461.5384615385
10355,519611.1111111111
13488,353200.0
12086,1366666.6666666667
661,882500.0
3779,1995285.7142857143
10645,1536000.0
6411,555000.0
3853,1788363.6363636365
11060,469000.0
5365,1483679.4871794872
5584,464377.77777777775
8241,864000.0
8903,1458153.8461538462
4121,1077500.0
7522,916343.75
1745,1534142.857142857
11657,1071000.0
7855,421625.0
5096,417891.3043478261
8245,636300.0
4100,1217928.0
9183,1476666.6666666667
1354,692750.0
3068,698708.3333333334
9726,2210000.0
11046,696250.0
10684,696250.0
10547,1210500.0
1228,1773750.0
12407,768000.0
4206,1136727.2727272727
10798,260000.0
10415,858142.8571428572
7115,1205000.0
10890,638571.4285714285
9155,770433.3333333334
996,1583700.0
11733,929250.0
3203,587675.0
7439,1545545.4545454546
10196,674000.0
8412,858150.0
6727,1976250.0
5840,577596.1538461539
10833,625750.0
12028,805423.0769230769
2784,1267500.0
991,870000.0
9954,353200.0
6019,506250.0
3963,826777.7777777778
13552,693857.1428571428
10568,2550000.0
11905,1127500.0
3248,425000.0
10937,1240000.0
11634,516833.3333333333
4951,964928.5714285715
13222,772500.0
11477,594250.0
10188,1870000.0
4712,2045500.0
7060,1220166.6666666667
7339,661500.0
10775,550000.0
6297,522100.0
12984,1673714.2857142857
1727,707000.0
12091,1259644.4444444445
5317,1017738.0952380953
5776,3076666.6666666665
2607,1523700.0
13118,697045.4545454546
12397,1158666.6666666667
11404,902512.5
3481,729391.304347826
8394,1688333.3333333333
2792,1862950.0
2645,1073900.0
1421,887666.6666666666
2281,651220.0
8401,1283857.142857143
5500,1045375.0
4417,1872777.7777777778
12369,1355000.0
2070,595500.0
3431,830666.6666666666
10613,706502.5
8076,483800.0
4501,1872777.7777777778
3984,504833.3333333333
3037,2134666.6666666665
12590,801000.0
3407,1383227.2727272727
4251,1015293.1034482758
1714,587163.0434782609
6,1200357.142857143
12805,1068800.0
13425,1189500.0
12793,1964000.0
9234,2064000.0
8645,407500.0
7077,431500.0
8577,2130714.285714286
11369,693375.0
10066,1443200.0
2996,759400.0
2002,978057.6923076923
5862,577596.1538461539
8587,2172400.0
11972,1427200.0
6555,1280333.3333333333
10009,606333.3333333334
6826,1143500.0
8234,864000.0
13279,795507.4074074074
7298,726400.0
1356,569166.6666666666
5963,701333.3333333334
9172,700000.0
12851,768000.0
11145,1458153.8461538462
4894,964928.5714285715
7913,704873.3333333334
6406,831730.7692307692
1836,551833.3333333334
9515,886437.5
3297,675000.0
506,1532500.0
2091,1485000.0
6278,1244200.0
6681,1281388.888888889
8992,1134750.0
3921,826777.7777777778
188,799807.6923076923
2036,776412.5714285715
6451,542000.0
5171,872500.0
8685,4254166.666666667
5919,1066458.3333333333
3285,693346.1538461539
4542,800000.0
9874,503000.0
7933,1623000.0
1475,1730000.0
2317,392666.6666666667
7951,587675.0
12015,706502.5
3830,612500.0
11186,1401000.0
8377,2245000.0
8173,1070722.2222222222
8859,908392.8571428572
4619,814300.0
139,1137500.0
4799,532333.3333333334
10406,775000.0
8885,925000.0
11907,1127500.0
4630,958000.0
10506,631250.0
4532,898000.0
11671,412500.0
10519,556000.0
4874,1495750.0
6116,880000.0
3990,504833.3333333333
7731,855000.0
10844,975000.0
13578,1792500.0
9723,605000.0
9675,949000.0
5958,726074.074074074
350,1167521.7391304348
8602,392666.6666666667
11775,506100.0
1007,1205000.0
8869,1912857.142857143
10476,1400000.0
4571,864625.0
10933,1297500.0
4791,1533285.7142857143
11146,1087500.0
10021,795507.4074074074
6549,1678000.0
8920,594250.0
34,1144833.3333333333
5888,1283857.142857143
7035,546333.3333333334
6852,727562.5
13065,1311666.6666666667
5706,464377.77777777775
5119,417891.3043478261
9688,2467500.0
5632,1925454.5454545454
7941,386133.3333333333
11862,908392.8571428572
12269,834250.0
7975,679083.3333333334
5866,1688333.3333333333
12127,749333.3333333334
12273,650642.8571428572
3643,2303200.0
6520,1371250.0
4030,1564000.0
1462,1263923.076923077
11654,798333.3333333334
9333,556000.0
6336,1244200.0
5750,1141666.6666666667
6424,821666.6666666666
1231,2322700.0
6369,448100.2
9006,2258333.3333333335
1075,1441000.0
5501,480000.0
8742,706500.0
4697,814300.0
9655,1051500.0
8162,599714.2857142857
3320,693346.1538461539
8465,1244200.0
3306,693346.1538461539
9930,836666.6666666666
3352,417000.0
8339,663062.5
1,1144833.3333333333
11418,520000.0
8756,785333.3333333334
6529,1678000.0
7080,431500.0
8710,981214.2857142857
4921,972550.0
7479,905000.0
12389,795507.4074074074
3849,1584382.3529411764
10145,2602500.0
4828,1214409.0909090908
6302,975363.6363636364
7777,898333.3333333334
2621,1073900.0
9955,737500.0
6889,655634.6153846154
1043,2754733.3333333335
8960,615000.0
12012,693375.0
11639,594843.75
10149,1605000.0
8082,599107.1428571428
2145,1571878.5714285714
9123,1360000.0
51,751500.0
12609,656250.0
2955,468000.0
8019,729391.304347826
12092,1259644.4444444445
7757,978057.6923076923
2913,419607.14285714284
8149,949500.0
1474,1263923.076923077
4351,536450.0
3376,871666.6666666666
11915,1488647.0588235294
9534,860000.0
1128,828050.0
5578,703014.7058823529
7394,790000.0
1062,2350200.0
1958,776412.5714285715
2611,675000.0
199,940600.0
644,1837714.2857142857
11007,539437.5
3567,956500.0
2794,2250000.0
11897,835000.0
13428,452000.0
4704,1533285.7142857143
1985,978057.6923076923
2118,1033071.4285714285
1668,1646000.0
5246,872500.0
6341,448100.2
8496,950764.7058823529
7743,556333.3333333334
1329,895000.0
5785,1030000.0
5688,703014.7058823529
4492,1700000.0
9566,805423.0769230769
4263,1015293.1034482758
12603,1651000.0
3303,675000.0
11548,1792500.0
6901,690100.0
11672,1113000.0
1909,1398750.0
5952,726074.074074074
12322,958188.8
1960,1084210.5263157894
4243,890142.8571428572
6553,630500.0
4846,1214409.0909090908
2063,785466.6666666666
10812,837666.6666666666
6726,257500.0
8386,465088.23529411765
63,842500.0
4915,405000.0
10587,775000.0
6407,3113750.0
7468,1430000.0
4650,585000.0
2957,572750.0
6343,831730.7692307692
3841,1788363.6363636365
9947,1912857.142857143
5425,404576.92307692306
5073,723200.0
2340,1228846.1538461538
13381,611000.0
2391,533023.8095238095
5035,738471.6981132076
2904,704873.3333333334
9387,1060000.0
7436,442500.0
783,613928.5714285715
414,1134666.6666666667
12657,706500.0
1254,569166.6666666666
12629,1206944.4444444445
772,735500.0
13285,1210500.0
249,3541000.0
703,1832875.0
10082,1210500.0
4374,536450.0
12052,530416.6666666666
770,1832875.0
7050,1220166.6666666667
1896,1280200.0
9748,805000.0
4406,1070722.2222222222
4785,1533285.7142857143
13049,925000.0
11496,688500.0
2285,651220.0
1501,924333.3333333334
7166,1872500.0
5304,885400.0
4418,419000.0
12048,1043875.0
4983,922328.5714285715
7233,556187.5
7994,693346.1538461539
433,1075000.0
216,940600.0
8160,599714.2857142857
12440,1774250.0
1495,832666.6666666666
11791,962000.0
5342,1017738.0952380953
1159,2350200.0
2764,1862950.0
9175,770000.0
9801,1143400.0
1103,1856250.0
2493,2000000.0
7569,1856250.0
5290,404576.92307692306
2039,643500.0
244,638571.4285714285
5918,1180000.0
13319,1173000.0
10192,843833.3333333334
549,2360555.5555555555
1045,2754733.3333333335
5980,342750.0
7257,950764.7058823529
6197,1895000.0
11455,1171500.0
11309,706502.5
3482,895818.1818181818
482,752823.5294117647
9293,1008312.5
4504,1872777.7777777778
7783,1485000.0
11929,3086250.0
8413,726074.074074074
5747,1141666.6666666667
11170,1008312.5
11534,562250.0
9699,795507.4074074074
8471,805000.0
921,1087128.2051282052
1263,569166.6666666666
3604,1779272.7272727273
3534,825000.0
12248,785333.3333333334
9540,1637800.0
9987,1458153.8461538462
9072,1334000.0
8675,331000.0
5466,1220000.0
9669,1087500.0
4589,459500.0
8417,726074.074074074
8433,582142.8571428572
1025,685000.0
1363,1221065.2173913044
10494,1210500.0
8817,625750.0
3154,386133.3333333333
12281,1428000.0
13457,725500.0
4794,1533285.7142857143
4684,814300.0
4252,1015293.1034482758
3624,650944.4444444445
5775,1688333.3333333333
6344,831730.7692307692
817,1087128.2051282052
1640,801750.0
10955,3130000.0
8749,519611.1111111111
13493,1013400.0
7959,1751000.0
3362,560000.0
2355,1228846.1538461538
3220,587675.0
14,457000.0
5037,738471.6981132076
10459,1012416.6666666666
3418,1110000.0
11501,697500.0
6601,1739500.0
4772,864000.0
12478,1059333.3333333333
8454,1244200.0
6647,798214.2857142857
11448,1016000.0
5357,1483679.4871794872
8633,523007.5
12908,1105000.0
11028,455000.0
10282,693375.0
2254,571500.0
12256,2641666.6666666665
9978,630000.0
11273,1314416.6666666667
9877,712666.6666666666
8229,864000.0
5397,1483679.4871794872
2721,962941.1764705882
7501,2000000.0
9596,1320000.0
8422,640022.7272727273
10029,426666.6666666667
4945,964928.5714285715
4866,1495750.0
9051,1295500.0
7640,1023666.6666666666
4123,1047666.6666666666
4948,922328.5714285715
8383,703014.7058823529
767,1228392.857142857
3609,2383000.0
4506,1872777.7777777778
651,882500.0
1951,1020000.0
4676,872214.2857142857
13236,855000.0
9168,790000.0
11225,1573333.3333333333
13117,840285.7142857143
6065,582142.8571428572
8834,754800.0
314,308750.0
9438,1143400.0
7836,330500.0
7381,893000.0
3195,2170500.0
7804,1918700.0
13464,882923.1538461539
12725,1096666.6666666667
1898,1280200.0
801,578142.8571428572
12050,1215000.0
10776,550000.0
13521,1970000.0
9805,590000.0
4191,1135550.0
7462,469000.0
67,788333.3333333334
6410,821666.6666666666
1283,692750.0
4158,984454.5454545454
1695,390000.0
12558,1958750.0
13199,2421666.6666666665
533,1532500.0
10741,417600.0
10010,1631000.0
3129,587675.0
2420,963333.3333333334
3832,1788363.6363636365
13366,2602500.0
3893,1584382.3529411764
10407,1104000.0
4753,6400000.0
10582,746125.0
8574,2012500.0
2565,1163300.0
9513,975000.0
8745,340000.0
4749,1533285.7142857143
13146,1269666.6666666667
8156,949500.0
2652,239000.0
719,1832875.0
6630,1044652.7777777778
13057,693857.1428571428
2161,1230326.0869565217
11482,506100.0
2473,533023.8095238095
5267,1017738.0952380953
2884,704873.3333333334
666,1664611.111111111
7243,950764.7058823529
1422,887666.6666666666
11877,726074.074074074
1386,1488647.0588235294
11492,710000.0
10153,739500.0
11493,840000.0
7039,1220166.6666666667
7770,735142.8571428572
8140,1136727.2727272727
8612,394333.3333333333
12589,795507.4074074074
2536,2980333.3333333335
8873,649300.0
12309,739200.0
2342,533023.8095238095
11092,2200000.0
13499,1175000.0
2216,571500.0
10024,345000.0
6749,456000.0
4839,1495750.0
5874,577596.1538461539
7729,855000.0
4072,512666.6666666667
2728,787928.5714285715
8959,512955.8823529412
6357,448100.2
11658,670000.0
8049,799038.4615384615
10225,650642.8571428572
5805,577596.1538461539
9792,670000.0
11734,508500.0
11342,721666.6666666666
1776,587163.0434782609
8667,893000.0
4094,1217928.0
13523,2467500.0
8219,872214.2857142857
1348,878785.7142857143
12655,1442285.7142857143
8950,593738.4615384615
4454,599714.2857142857
8827,630000.0
1255,878785.7142857143
13557,1573333.3333333333
9490,516833.3333333333
6629,1044652.7777777778
13494,625750.0
277,1282333.3333333333
11400,519611.1111111111
2623,911000.0
12550,2767500.0
1357,569166.6666666666
9729,422000.0
9061,1488647.0588235294
6639,798214.2857142857
6793,912250.0
8884,925000.0
8728,700000.0
9572,1543750.0
402,1218250.0
9847,990000.0
13094,868666.6666666666
12515,1293661.75
4565,1015500.0
8239,2045500.0
10038,1005800.0
6714,1044652.7777777778
10737,474400.0
7208,308600.0
10696,625000.0
10237,1427200.0
7843,438000.0
521,3222222.222222222
9207,955000.0
3187,587675.0
7416,673000.0
8182,1100000.0
10718,1043875.0
10398,1485000.0
4780,1540000.0
2267,651220.0
4603,585000.0
430,1351200.0
3796,3282500.0
9332,633750.0
6319,975363.6363636364
10346,504305.55555555556
13335,882923.1538461539
12614,512955.8823529412
3139,587675.0
2916,608000.0
12093,1461666.6666666667
1554,824000.0
10345,504305.55555555556
5469,902900.0
9780,1314416.6666666667
9342,807000.0
9643,1461666.6666666667
5031,738471.6981132076
4950,922328.5714285715
7433,755000.0
11903,2383333.3333333335
10331,714000.0
6047,640022.7272727273
2759,2124375.0
11435,737500.0
4914,964928.5714285715
11001,850285.7142857143
8904,1458153.8461538462
9885,1096666.6666666667
6992,1717000.0
3332,460875.0
1127,2754733.3333333335
4309,1121500.0
13396,840285.7142857143
999,1751057.142857143
11740,417600.0
3583,3093888.888888889
755,1228392.857142857
3700,1745000.0
839,1087128.2051282052
11335,1059333.3333333333
1293,878785.7142857143
10295,1293661.75
7993,693346.1538461539
867,1184166.6666666667
7524,1325000.0
8767,920000.0
5850,1167416.6666666667
2971,759400.0
1192,1533500.0
6954,1380000.0
12285,968666.6666666666
4133,2083750.0
11264,1235000.0
11875,640000.0
8001,1383227.2727272727
8367,464377.77777777775
8655,748000.0
171,889300.0
8323,404576.92307692306
1113,2350200.0
2681,709250.0
12259,1637800.0
2343,1228846.1538461538
12262,990653.8461538461
7557,1245666.6666666667
9964,1175000.0
6849,727562.5
12999,1550333.3333333333
745,1228392.857142857
5685,1925454.5454545454
6587,659090.9090909091
5468,1220000.0
7578,761666.6666666666
1928,1084210.5263157894
11704,764500.0
4294,523500.0
4995,669666.6666666666
9752,1311666.6666666667
3932,483800.0
7329,1104750.0
10173,1436000.0
3632,2303200.0
3479,729391.304347826
4494,1375666.6666666667
11614,940000.0
6447,881833.3333333334
6963,652461.5384615385
5108,220000.0
2992,486250.0
6444,744750.0
6939,690100.0
7708,1389909.0909090908
11043,1540750.0
10981,834250.0
9864,1427200.0
13402,516833.3333333333
7390,1117500.0
7955,1380000.0
10296,1293661.75
1120,1856250.0
4675,872214.2857142857
64,751500.0
9612,651361.1111111111
5588,464377.77777777775
2341,533023.8095238095
6911,529666.6666666666
1109,2350200.0
5373,1017738.0952380953
2818,1862950.0
917,1087128.2051282052
9698,973100.0
7437,2146000.0
4305,949500.0
9745,722333.3333333334
8470,1030000.0
6979,652461.5384615385
3529,1096884.6153846155
3595,650944.4444444445
1941,978057.6923076923
5308,1017738.0952380953
12105,739000.0
4515,496000.0
10982,567000.0
3116,2130400.0
9010,2077500.0
2610,1523700.0
7823,1171850.0
6479,471000.0
2615,1163300.0
240,860000.0
2777,1347800.0
8060,965000.0
5045,723200.0
5658,703014.7058823529
4809,333500.0
6498,1371250.0
9367,817857.1428571428
3877,1788363.6363636365
10277,1113000.0
306,1371250.0
12040,548000.0
13571,1173000.0
9738,693857.1428571428
1405,476071.4285714286
3208,587675.0
1381,1221065.2173913044
10339,764500.0
4177,605000.0
8355,540250.0
3839,1584382.3529411764
4081,328000.0
7963,385200.0
10650,1427200.0
1217,1477692.3076923077
7200,1872500.0
1418,476071.4285714286
3042,1520250.0
3620,650944.4444444445
12258,1030000.0
11036,411500.0
7256,950764.7058823529
13026,517000.0
12533,836666.6666666666
5490,1045375.0
10842,1087500.0
9579,2421666.6666666665
2150,735666.6666666666
5456,1220000.0
1672,2329000.0
1185,2322700.0
7989,693346.1538461539
4783,1071500.0
400,3510000.0
3415,871666.6666666666
1623,2675538.4615384615
9508,1428000.0
10171,907625.0
8446,766000.0
5694,703014.7058823529
730,613928.5714285715
8282,964928.5714285715
7219,950764.7058823529
9834,2000000.0
8306,417891.3043478261
3914,826777.7777777778
11460,1458153.8461538462
3014,2134666.6666666665
6023,714400.0
1568,671642.8571428572
9705,1436000.0
2846,1862950.0
12245,1221065.2173913044
11997,452500.0
2328,2037500.0
255,1547000.0
10873,1025000.0
6159,697045.4545454546
6428,1015600.0
5346,1264200.0
2495,525600.0
5166,417891.3043478261
11352,503000.0
7294,420000.0
5228,494500.0
3677,2303200.0
8765,527500.0
6070,639914.2857142857
2670,787928.5714285715
11993,630000.0
12367,739000.0
8022,729391.304347826
13038,500000.0
6677,1044652.7777777778
3034,2134666.6666666665
12446,1770400.0
2181,1571878.5714285714
11198,452166.6666666667
5241,738471.6981132076
6782,1205200.0
1468,1081400.0
8444,766000.0
10017,871666.6666666666
5351,1483679.4871794872
5557,796000.0
2961,572750.0
12762,3450000.0
4004,1875000.0
7679,2675538.4615384615
10773,963636.3636363636
8702,362000.0
10758,625000.0
10901,1776750.0
315,1167521.7391304348
4465,1070722.2222222222
1091,828050.0
4913,922328.5714285715
189,640000.0
9213,930000.0
2211,2172400.0
13513,666250.0
4744,1071500.0
11006,739750.0
256,469000.0
763,1096750.0
7967,385200.0
2898,419607.14285714284
10747,651357.1428571428
9291,1008312.5
10200,1063066.6666666667
13033,788666.6666666666
2960,780833.3333333334
3891,612500.0
888,1087128.2051282052
12476,484271.4285714286
7675,671642.8571428572
12910,1519142.857142857
6437,744750.0
3133,587675.0
1778,1389909.0909090908
9181,395000.0
7767,1020000.0
12198,594250.0
2827,2124375.0
2813,1862950.0
5915,1066458.3333333333
5904,1066458.3333333333
11087,1186666.6666666667
2562,1523700.0
2700,962941.1764705882
10796,795507.4074074074
5757,871500.0
12065,772500.0
7178,1113857.142857143
3286,675000.0
8479,1060000.0
1921,978057.6923076923
12812,1012416.6666666666
12814,594250.0
8570,889300.0
7346,1446400.0
680,1664611.111111111
4364,536450.0
4377,536450.0
12771,2050000.0
1696,1129000.0
11343,886437.5
9084,611000.0
9815,878785.7142857143
1974,978057.6923076923
4523,770000.0
9371,484271.4285714286
5260,663062.5
5428,1264200.0
8707,530900.0
4222,1015293.1034482758
11088,3450000.0
10788,1770400.0
392,3510000.0
7241,950764.7058823529
3144,587675.0
11326,519611.1111111111
9581,2303200.0
12873,594250.0
6938,465000.0
6950,1751000.0
4850,1214409.0909090908
5115,723200.0
6526,1371250.0
881,1087128.2051282052
11143,1458153.8461538462
2362,963333.3333333334
8292,738471.6981132076
12061,417600.0
5487,1045375.0
11129,1205000.0
10380,651361.1111111111
10608,1334000.0
7936,587675.0
6504,830000.0
11991,675000.0
7187,1467666.6666666667
6694,1281388.888888889
951,812888.8888888889
5483,1045375.0
4183,984454.5454545454
8952,556000.0
7752,978057.6923076923
9275,1631000.0
16,1200357.142857143
2547,527500.0
11333,813333.3333333334
11438,858142.8571428572
1252,761666.6666666666
7575,1295500.0
1416,887666.6666666666
3317,675000.0
7456,1282333.3333333333
13420,1662500.0
12916,2602500.0
7130,692000.0
4054,1430000.0
3749,799038.4615384615
4373,980200.0
7042,1196500.0
8296,872500.0
2028,1084210.5263157894
2895,704873.3333333334
2030,776412.5714285715
2556,1163300.0
200,799807.6923076923
8691,382500.0
8931,596250.0
2084,1485000.0
2020,776412.5714285715
2542,1485000.0
4053,1404250.0
7109,331000.0
12577,1437583.3333333333
10600,1221065.2173913044
11154,1012416.6666666666
12786,943000.0
11747,660500.0
13359,1442285.7142857143
3356,560000.0
9731,593738.4615384615
13471,749000.0
10123,816000.0
3980,599107.1428571428
4679,872214.2857142857
8689,1228333.3333333333
12545,908392.8571428572
810,1087128.2051282052
2041,975000.0
3814,1282333.3333333333
4682,814300.0
13477,651361.1111111111
10397,906250.0
5695,464377.77777777775
11599,835000.0
12348,474400.0
12917,1605000.0
3825,1323333.3333333333
1000,1751057.142857143
3619,1779272.7272727273
3153,2130400.0
3173,3500000.0
3214,386133.3333333333
3762,799038.4615384615
6034,714400.0
807,1087128.2051282052
10667,765000.0
2325,651220.0
5666,4183500.0
8841,725500.0
2513,1360000.0
4452,419000.0
5152,738471.6981132076
1273,569166.6666666666
215,940600.0
9002,2064000.0
284,1167521.7391304348
2545,653833.3333333334
1154,1136750.0
5634,1925454.5454545454
5274,1017738.0952380953
10984,348000.0
11677,1096666.6666666667
12064,651361.1111111111
2851,2124375.0
13408,840285.7142857143
10939,907625.0
5015,964928.5714285715
7747,606800.0
7887,569681.8181818182
11436,1013400.0
8909,1612500.0
5931,726074.074074074
3028,698708.3333333334
13174,594000.0
3426,515000.0
12382,606333.3333333334
12418,908392.8571428572
13519,1317500.0
6221,1201964.2857142857
9888,2305000.0
3422,515000.0
3354,1844909.0909090908
6233,1178205.8823529412
118,2146000.0
9497,682000.0
13299,1353800.0
1183,2322700.0
11188,2290000.0
5547,796000.0
8986,677833.3333333334
3591,650944.4444444445
8298,857250.0
787,948100.0
4448,941666.6666666666
8267,964928.5714285715
9282,1008312.5
2817,2456428.5714285714
3322,693346.1538461539
1811,605000.0
8356,796000.0
3271,679083.3333333334
8853,1630000.0
12597,1364333.3333333333
9303,2368000.0
6811,912250.0
12636,868666.6666666666
3572,523007.5
12280,1427200.0
12700,945000.0
5523,925333.3333333334
4539,960000.0
3819,1584382.3529411764
4502,1070722.2222222222
2306,2037500.0
3277,693346.1538461539
6756,675000.0
11584,608000.0
12238,721666.6666666666
595,1664611.111111111
3799,1282333.3333333333
3163,2170500.0
13487,460000.0
13040,1781571.4285714286
4355,536450.0
3089,2134666.6666666665
6732,755000.0
9953,353200.0
3627,1779272.7272727273
5979,858150.0
777,1228392.857142857
7426,393000.0
7659,605000.0
2086,414250.0
11367,680000.0
292,1430000.0
1001,1583700.0
10719,1043875.0
7027,2507666.6666666665
5266,1264200.0
11512,868500.0
2058,785466.6666666666
2083,898333.3333333334
11878,469000.0
1471,1081400.0
5097,738471.6981132076
5482,902900.0
7824,301375.0
12345,1912857.142857143
13047,516833.3333333333
7535,1087128.2051282052
11612,390000.0
12554,386166.6666666667
10445,794333.3333333334
1359,1221065.2173913044
4266,890142.8571428572
0,1144833.3333333333
12316,1673714.2857142857
6178,697045.4545454546
11259,1206944.4444444445
13149,990653.8461538461
12584,860000.0
5852,577596.1538461539
8447,1201964.2857142857
10524,768000.0
10760,1396785.7142857143
3511,523007.5
11398,504305.55555555556
6328,522100.0
2374,1228846.1538461538
10879,1490666.6666666667
10129,486166.6666666667
10012,749333.3333333334
7858,421625.0
5601,464377.77777777775
7245,950764.7058823529
12571,1171500.0
446,990727.2727272727
3177,2130400.0
5012,964928.5714285715
12503,537500.0
4792,1071500.0
7814,1450100.0
3326,460875.0
3387,1383227.2727272727
10950,1878000.0
9922,1482500.0
3926,470000.0
10634,1150000.0
5991,726074.074074074
571,2130714.285714286
476,752823.5294117647
11292,775000.0
711,1228392.857142857
10394,417600.0
5851,465088.23529411765
2243,1784500.0
8396,577596.1538461539
10103,638571.4285714285
2490,1360000.0
6516,470428.5714285714
2477,1372500.0
7405,1862950.0
4300,523500.0
4864,2467500.0
2428,1228846.1538461538
13266,1789142.857142857
9256,706502.5
4993,964928.5714285715
6422,555000.0
1872,892500.0
1392,476071.4285714286
6652,1281388.888888889
7175,891250.0
12983,1673714.2857142857
5856,465088.23529411765
17,1200357.142857143
7367,415000.0
7868,480000.0
5576,464377.77777777775
3550,956500.0
104,703014.7058823529
1085,2754733.3333333335
1699,1056500.0
5414,1483679.4871794872
3903,672500.0
12396,516833.3333333333
12867,1173000.0
13579,1134750.0
4282,1015293.1034482758
2661,239000.0
4892,922328.5714285715
12517,696250.0
12643,2355000.0
13185,303666.6666666667
3026,698708.3333333334
11716,632500.0
3905,470000.0
7741,1280200.0
11397,504305.55555555556
634,1664611.111111111
10628,1281666.6666666667
8158,923500.0
11015,1526000.0
10332,735888.8888888889
3680,918500.0
3342,460875.0
6976,2507666.6666666665
1743,318000.0
2467,963333.3333333334
7471,1167521.7391304348
5941,726074.074074074
1302,692750.0
9672,805423.0769230769
11091,1305000.0
1019,700363.6363636364
12659,798500.0
901,1087128.2051282052
10327,469000.0
11695,958188.8
2631,911000.0
6394,1547000.0
10434,703000.0
1157,2350200.0
11161,606333.3333333334
6900,655634.6153846154
5719,720000.0
2385,533023.8095238095
1654,2133250.0
728,1832875.0
12900,1774250.0
5821,1688333.3333333333
10660,380500.0
4658,872214.2857142857
5175,857250.0
94,2146000.0
825,1087128.2051282052
5275,663062.5
1143,2754733.3333333335
508,672000.0
13431,693375.0
7742,1280200.0
5884,465088.23529411765
6261,949500.0
7815,1228846.1538461538
12694,1662500.0
8975,685550.0
12965,855000.0
3500,729391.304347826
4269,1015293.1034482758
9375,908392.8571428572
6522,1678000.0
3885,1323333.3333333333
12442,815000.0
1090,1441000.0
6249,1178205.8823529412
6214,1895000.0
9984,550000.0
6716,1281388.888888889
5147,738471.6981132076
5679,464377.77777777775
11067,764500.0
2993,486250.0
10080,1170187.5
6312,975363.6363636364
5762,1141666.6666666667
4707,1533285.7142857143
10891,1314416.6666666667
757,1832875.0
5137,738471.6981132076
1746,1389909.0909090908
10054,1827500.0
2838,2124375.0
124,2100000.0
8399,577596.1538461539
8954,556000.0
8093,1404250.0
5710,703014.7058823529
8191,1104750.0
8822,770000.0
2635,1493500.0
13046,973100.0
3815,823583.3333333334
9434,1257909.0909090908
559,729200.0
8073,1900000.0
9470,1878000.0
4144,991937.5
6599,659090.9090909091
7335,1104750.0
2596,438000.0
978,1583700.0
1881,1280200.0
8071,1788363.6363636365
13524,1123214.2857142857
5462,902900.0
9077,730500.0
2322,651220.0
5244,857250.0
12360,670000.0
5737,578545.4545454546
193,799807.6923076923
8031,954000.0
5051,738471.6981132076
7183,422500.0
2587,1163300.0
5321,885400.0
122,1137500.0
2203,1505666.6666666667
1118,828050.0
7207,422500.0
13201,735888.8888888889
4590,2790000.0
733,1228392.857142857
1174,2322700.0
8435,697045.4545454546
11387,754800.0
8358,1690800.0
9069,785333.3333333334
10830,1610000.0
10121,2587142.8571428573
2765,2124375.0
4290,923500.0
12032,604375.0
6651,602525.0
9833,1661666.6666666667
7734,1398750.0
3792,965000.0
11738,353200.0
10575,700000.0
8340,1017738.0952380953
9167,805423.0769230769
12391,973100.0
8451,1178205.8823529412
9778,1314416.6666666667
2594,1523700.0
11643,650642.8571428572
4798,864000.0
7194,891250.0
4209,1015293.1034482758
8398,1167416.6666666667
8516,470428.5714285714
4688,779818.1818181818
528,1532500.0
10815,688375.0
3502,729391.304347826
1540,1338666.6666666667
1419,1023666.6666666666
1535,1338666.6666666667
8390,1190000.0
5755,1141666.6666666667
12266,594843.75
3292,693346.1538461539
7097,697500.0
8151,949500.0
760,1228392.857142857
3704,2489000.0
6293,1244200.0
5479,1220000.0
5000,922328.5714285715
5961,726074.074074074
5265,404576.92307692306
8322,663062.5
7414,673000.0
5161,738471.6981132076
1899,1280200.0
11035,2305000.0
3043,2134666.6666666665
4128,512666.6666666667
3838,1019000.0
10703,735888.8888888889
12699,1281666.6666666667
6672,1044652.7777777778
3764,799038.4615384615
5638,464377.77777777775
5554,1690800.0
7119,1195750.0
7528,578142.8571428572
13035,666250.0
5543,1831666.6666666667
3946,483800.0
12852,693857.1428571428
5955,726074.074074074
9820,785333.3333333334
53,558500.0
4023,2294000.0
10914,1442285.7142857143
9008,868666.6666666666
1134,2350200.0
8070,612500.0
2271,651220.0
347,514142.85714285716
1087,828050.0
4778,864000.0
1782,1534142.857142857
9025,548000.0
12242,1780966.6666666667
8979,1210500.0
5985,858150.0
6910,762250.0
13413,2064250.0
5400,1483679.4871794872
9829,1870000.0
7525,948100.0
4391,1872777.7777777778
12909,860000.0
2734,962941.1764705882
1663,801750.0
6655,798214.2857142857
10154,878785.7142857143
1876,892500.0
3935,766500.0
5181,494500.0
5398,1483679.4871794872
10435,739000.0
293,843437.5
2360,533023.8095238095
2983,759400.0
7423,747500.0
5103,738471.6981132076
6366,3113750.0
7787,1571878.5714285714
9882,1087500.0
13027,517000.0
9717,630000.0
4782,532333.3333333334
486,752823.5294117647
13434,2108250.0
758,1228392.857142857
6154,1752800.0
6418,821666.6666666666
5639,464377.77777777775
7819,860750.0
7108,997000.0
6880,394333.3333333333
5140,417891.3043478261
6189,697045.4545454546
5025,972550.0
264,469000.0
7738,1280200.0
10399,2064000.0
7912,704873.3333333334
10917,2278000.0
8120,598944.4444444445
83,1545545.4545454546
6217,1201964.2857142857
10300,805423.0769230769
9412,700000.0
4220,860500.0
6231,1201964.2857142857
11755,603500.0
909,1087128.2051282052
5011,964928.5714285715
6441,744750.0
13207,1008166.6666666666
3661,1779272.7272727273
8157,812250.0
1400,1023666.6666666666
2384,1450100.0
4249,860500.0
4156,984454.5454545454
4289,949500.0
9247,1353807.6923076923
8658,1380000.0
12833,1364333.3333333333
9644,1259644.4444444445
4215,1136727.2727272727
9022,1026500.0
11429,353200.0
8315,857250.0
2097,1033071.4285714285
556,3222222.222222222
7117,1201000.0
1482,1263923.076923077
12423,1293661.75
7638,1023666.6666666666
9320,530000.0
12222,530900.0
4660,872214.2857142857
3630,2303200.0
8090,1564000.0
310,514142.85714285716
11171,990000.0
10072,1071833.3333333333
4703,1533285.7142857143
10293,1673714.2857142857
4264,890142.8571428572
6744,1306666.6666666667
6096,582142.8571428572
11235,1462500.0
10799,795507.4074074074
6873,850000.0
1966,735142.8571428572
4672,814300.0
12422,1450166.6666666667
1842,1815333.3333333333
11757,550000.0
2801,2456428.5714285714
2773,1862950.0
7289,596666.6666666666
10977,594843.75
9912,1090000.0
9857,845500.0
10683,664500.0
5620,1192125.0
7845,1163300.0
7201,422500.0
13200,1210500.0
3423,830666.6666666666
13186,1673714.2857142857
11495,1310000.0
11764,617000.0
11285,1143400.0
5209,723200.0
6541,887500.0
5256,1017738.0952380953
12173,693857.1428571428
6739,1306666.6666666667
1407,476071.4285714286
7176,1872500.0
517,3222222.222222222
9091,361000.0
5809,465088.23529411765
5329,1483679.4871794872
9460,1180166.6666666667
3433,515000.0
6946,690100.0
5960,726074.074074074
7067,1911666.6666666667
3446,729391.304347826
6546,1371250.0
2003,1084210.5263157894
5604,703014.7058823529
11517,693857.1428571428
11354,1215411.7647058824
11445,1259644.4444444445
7003,2507666.6666666665
12183,413500.0
6774,575888.8888888889
625,672000.0
6530,1371250.0
8949,593738.4615384615
12893,2021875.0
10389,1498750.0
1479,1081400.0
8631,895000.0
6288,1244200.0
13071,900000.0
13248,1335000.0
3896,1788363.6363636365
3197,2130400.0
9585,915000.0
12652,1555000.0
4343,1094000.0
688,1837714.2857142857
4925,964928.5714285715
12876,1171000.0
8510,1371250.0
5680,1677000.0
8376,703014.7058823529
9667,630000.0
8087,2383333.3333333335
5406,885400.0
1450,1023666.6666666666
6618,775722.2222222222
12498,1186666.6666666667
9832,687500.0
636,1350000.0
5937,858150.0
4767,1830000.0
2526,950000.0
1911,992000.0
7469,1077500.0
3795,823583.3333333334
10623,1915500.0
1524,1338666.6666666667
97,2146000.0
8582,992500.0
4057,1404250.0
5352,1017738.0952380953
12335,1008166.6666666666
491,440000.0
3909,483800.0
10393,793333.3333333334
8365,464377.77777777775
11622,1575000.0
10528,1924166.6666666667
6063,580000.0
555,729200.0
12053,1186666.6666666667
12027,909250.0
9016,700000.0
1476,975000.0
2,1200357.142857143
2677,1184166.6666666667
9827,1870000.0
2528,898333.3333333334
9517,670000.0
11449,706502.5
6766,1205200.0
9666,599714.2857142857
10965,1269666.6666666667
10526,693857.1428571428
12644,1776750.0
9136,559000.0
4795,1533285.7142857143
2844,569681.8181818182
2998,759400.0
4663,779818.1818181818
8598,651220.0
9936,1678250.0
6075,582142.8571428572
10551,484271.4285714286
13390,1575000.0
5981,726074.074074074
12933,748000.0
12359,1259644.4444444445
8589,798333.3333333334
8934,1182166.6666666667
12034,679000.0
1940,978057.6923076923
13545,512955.8823529412
7744,1280200.0
7543,651750.0
5940,726074.074074074
1384,1200000.0
3994,599107.1428571428
7303,200000.0
7580,1477692.3076923077
5159,738471.6981132076
4367,536450.0
45,751500.0
6337,1244200.0
10002,1250000.0
7600,1488647.0588235294
1732,707000.0
605,1238000.0
10670,1050785.7142857143
10674,739200.0
13372,356000.0
5711,703014.7058823529
12919,519611.1111111111
8988,780000.0
4024,2294000.0
9638,855000.0
505,530900.0
6802,1205200.0
3949,826777.7777777778
4557,864625.0
1634,2618833.3333333335
5820,1167416.6666666667
9149,1440500.0
7069,630000.0
1723,1389909.0909090908
370,2012500.0
9435,746125.0
3004,486250.0
12187,685550.0
5492,1045375.0
1754,1056500.0
13068,1311666.6666666667
1409,670000.0
2532,1783000.0
6696,1281388.888888889
2519,1360000.0
4690,245000.0
1749,587163.0434782609
2125,1230326.0869565217
10731,651361.1111111111
12443,1471500.0
8100,1404250.0
7888,2124375.0
12950,519611.1111111111
11242,805000.0
9777,825000.0
101,2146000.0
2168,1571878.5714285714
3813,823583.3333333334
8894,1259644.4444444445
6041,640022.7272727273
6216,731000.0
7470,1167521.7391304348
13443,2018333.3333333333
6994,652461.5384615385
4173,984454.5454545454
1343,878785.7142857143
6362,448100.2
13298,1610000.0
5170,483714.28571428574
10167,1200000.0
7923,1520250.0
1651,801750.0
1624,671642.8571428572
1079,2350200.0
8133,860500.0
7113,1205000.0
12662,2602500.0
2077,1217142.857142857
7502,613928.5714285715
6285,522100.0
13409,886437.5
3916,470000.0
343,1167521.7391304348
1037,700363.6363636364
7051,1220166.6666666667
12149,516833.3333333333
1051,2754733.3333333335
10928,1780966.6666666667
13169,539437.5
2412,1228846.1538461538
9169,790000.0
7701,1200000.0
12284,1427200.0
11480,990000.0
3684,1779272.7272727273
12561,1104000.0
4848,636300.0
11267,394000.0
6863,1031714.2857142857
6456,744750.0
12764,2013250.0
8420,640022.7272727273
5060,417891.3043478261
7015,2100000.0
12963,1880000.0
8043,778333.3333333334
11954,990653.8461538461
1029,502000.0
11005,604071.4285714285
12638,2077500.0
9760,484271.4285714286
12420,1293661.75
13495,600000.0
9771,2258333.3333333335
8829,1543750.0
1671,1679000.0
9732,593738.4615384615
2687,480000.0
4976,972550.0
8724,868666.6666666666
13574,661500.0
12339,2846250.0
4573,666250.0
7762,1084210.5263157894
11296,684333.3333333334
6442,744750.0
1541,824000.0
10158,569166.6666666666
7980,663375.0
4458,1070722.2222222222
1451,308750.0
6818,368000.0
2373,1228846.1538461538
2616,911000.0
1290,878785.7142857143
4298,800000.0
2525,2980333.3333333335
12095,842571.4285714285
12197,594250.0
4278,485000.0
5419,1483679.4871794872
4221,1015293.1034482758
7972,650000.0
7460,638571.4285714285
8132,1015293.1034482758
13424,1087500.0
1035,502000.0
3992,504833.3333333333
266,638571.4285714285
6435,821666.6666666666
4321,949500.0
2404,301375.0
13492,775000.0
1614,2049692.3076923077
4101,1404250.0
2350,1450100.0
3884,612500.0
2459,860000.0
3476,718000.0
10509,1855500.0
13212,902512.5
8690,831730.7692307692
3833,612500.0
754,1385000.0
8798,452500.0
3287,675000.0
7082,431500.0
5242,417891.3043478261
3463,570000.0
1848,1030000.0
7274,950764.7058823529
7317,672500.0
823,578142.8571428572
9680,1000000.0
3432,515000.0
3350,560000.0
7235,556187.5
2647,312500.0
8520,1678000.0
11304,940000.0
5217,738471.6981132076
2114,1033071.4285714285
6933,608000.0
5766,465088.23529411765
2698,962941.1764705882
10579,1026500.0
13564,685550.0
5519,1045375.0
3577,956500.0
13339,499000.0
601,1837714.2857142857
5502,1045375.0
12298,770433.3333333334
11609,878785.7142857143
13096,3541000.0
12800,655000.0
3708,1713400.0
3159,2130400.0
1596,2618833.3333333335
5323,663062.5
1513,1338666.6666666667
1414,1023666.6666666666
6322,1330796.0
4328,1121500.0
5857,577596.1538461539
1635,2618833.3333333335
4541,592000.0
5872,465088.23529411765
10787,368000.0
2701,962941.1764705882
12631,1206944.4444444445
8196,1467666.6666666667
5390,1168333.3333333333
12232,1807000.0
12487,721666.6666666666
8183,960000.0
1040,2350200.0
11989,601000.0
12426,1206944.4444444445
2415,533023.8095238095
6035,640022.7272727273
3046,2134666.6666666665
4480,1375666.6666666667
9768,593738.4615384615
11536,817857.1428571428
4241,1136727.2727272727
9092,610000.0
5139,417891.3043478261
846,948100.0
684,1664611.111111111
7692,3005000.0
10740,378750.0
8666,506000.0
11939,555500.0
7748,978057.6923076923
11504,420000.0
12220,638571.4285714285
9418,1774250.0
3739,799038.4615384615
1733,587163.0434782609
8175,599714.2857142857
7054,1220166.6666666667
3078,698708.3333333334
11238,1111500.0
3190,587675.0
13034,1087500.0
5946,726074.074074074
5905,1283857.142857143
3695,2489000.0
3106,1132500.0
1518,1338666.6666666667
5743,578545.4545454546
1262,1221065.2173913044
7159,1579500.0
9056,878785.7142857143
4386,536450.0
3637,2303200.0
7189,1113857.142857143
13429,693375.0
4407,1375666.6666666667
4708,2045500.0
12124,1366250.0
12806,1068800.0
8210,872214.2857142857
8488,556187.5
10990,1200000.0
7253,520000.0
1576,795000.0
11282,728166.6666666666
12981,1366000.0
7949,2130400.0
5984,726074.074074074
5219,483714.28571428574
682,2318928.5714285714
7513,875000.0
2104,1217142.857142857
12234,1442285.7142857143
2492,1010000.0
13223,651361.1111111111
5426,1017738.0952380953
7788,1571878.5714285714
9998,1351666.6666666667
12934,1063066.6666666667
11134,874166.6666666666
3113,2170500.0
7141,294333.3333333333
11532,1200000.0
7234,520000.0
10846,580600.0
11659,604071.4285714285
12767,1177000.0
62,751500.0
13227,417600.0
776,2000000.0
10555,360000.0
11665,1215411.7647058824
4527,592750.0
1237,1477692.3076923077
8406,1066458.3333333333
6120,1752800.0
9210,752333.3333333334
515,3222222.222222222
3571,523007.5
9554,1366000.0
2873,809700.0
8993,1206944.4444444445
1340,878785.7142857143
6623,775722.2222222222
4194,984454.5454545454
4602,814300.0
3491,729391.304347826
8930,795507.4074074074
3621,650944.4444444445
6611,775722.2222222222
5205,220000.0
10705,1550333.3333333333
11865,1450166.6666666667
7445,1545545.4545454546
490,530900.0
5646,703014.7058823529
832,1285478.142857143
6160,2005236.8421052631
12766,2013250.0
12190,1173000.0
11708,704888.8888888889
8770,1300000.0
1083,1245666.6666666667
3178,1859625.0
4466,599714.2857142857
1215,1477692.3076923077
1660,2133250.0
10746,651357.1428571428
7491,1837714.2857142857
4308,812250.0
4082,991937.5
1219,1773750.0
356,597000.0
7306,790000.0
10016,697500.0
9442,485000.0
3915,766500.0
4996,964928.5714285715
379,2250000.0
7953,835000.0
1033,640000.0
5655,1925454.5454545454
6533,1371250.0
5846,577596.1538461539
834,1184166.6666666667
11263,632500.0
2146,1230326.0869565217
3430,830666.6666666666
8499,556187.5
12246,878785.7142857143
9694,1008312.5
4301,812250.0
5369,1483679.4871794872
5773,577596.1538461539
12896,2295000.0
11675,1087500.0
11422,508500.0
10882,1171500.0
3512,917750.0
11720,752333.3333333334
9139,539437.5
635,1664611.111111111
9226,378750.0
2153,1571878.5714285714
10069,652400.0
9642,1259644.4444444445
13274,973100.0
11920,794800.0
4862,1495750.0
10487,1436000.0
1907,1280200.0
10754,651357.1428571428
5040,738471.6981132076
7515,1285478.142857143
3797,1995285.7142857143
224,1586000.0
8268,714000.0
8661,1015500.0
4044,2383333.3333333335
11081,1320000.0
1031,700363.6363636364
13280,426666.6666666667
29,1144833.3333333333
2582,1163300.0
2956,572750.0
2388,533023.8095238095
11197,1467500.0
694,613928.5714285715
11845,857666.6666666666
3584,1779272.7272727273
1998,978057.6923076923
13108,1770400.0
5942,726074.074074074
8081,504833.3333333333
5598,703014.7058823529
8535,798214.2857142857
10733,443550.0
1546,1270000.0
3783,823583.3333333334
547,3222222.222222222
7430,2329000.0
6462,744750.0
5417,663062.5
10122,1776750.0
10440,1621666.6666666667
8924,441666.6666666667
4233,890142.8571428572
128,1137500.0
4808,333500.0
8395,1030000.0
6395,1547000.0
286,1167521.7391304348
111,2146000.0
11341,1011000.0
1056,2350200.0
7598,1488647.0588235294
3555,1096884.6153846155
3221,587675.0
12148,516833.3333333333
11885,1420000.0
1129,1136750.0
1288,1221065.2173913044
6056,582142.8571428572
4202,890142.8571428572
3023,2134666.6666666665
6453,881833.3333333334
3919,483800.0
7625,575888.8888888889
5673,464377.77777777775
11390,1762142.857142857
1441,476071.4285714286
4340,389400.0
10986,1425000.0
6737,755000.0
11041,568642.8571428572
11571,1085000.0
10117,608000.0
657,1664611.111111111
12156,852714.2857142857
811,1285478.142857143
7154,1195750.0
13365,980000.0
11985,1333000.0
2789,2124375.0
12031,1762142.857142857
4268,877333.3333333334
1175,2322700.0
6745,1976250.0
785,613928.5714285715
10810,851900.0
618,1837714.2857142857
10649,1428000.0
3217,3500000.0
1999,978057.6923076923
9533,1526000.0
3538,825000.0
3381,1383227.2727272727
2920,704873.3333333334
10193,500500.0
5974,726074.074074074
1823,605000.0
4926,972550.0
3416,1844909.0909090908
4853,1015000.0
8839,735888.8888888889
10511,633750.0
3054,1457500.0
10099,2064000.0
4668,585000.0
13360,1143400.0
262,638571.4285714285
7301,726400.0
959,812888.8888888889
10980,1150000.0
76,842500.0
1229,1773750.0
7018,652461.5384615385
7307,1005000.0
5179,738471.6981132076
1473,1081400.0
8463,522100.0
9544,886000.0
12045,1923333.3333333333
12532,1153333.3333333333
1171,1552666.6666666667
11487,795507.4074074074
6646,798214.2857142857
6429,895000.0
13048,2250000.0
4739,864000.0
9772,1010000.0
10269,601417.0
4167,984454.5454545454
3850,1788363.6363636365
4823,333500.0
10586,706500.0
5450,1220000.0
8985,908392.8571428572
3281,693346.1538461539
9182,1150000.0
11888,728166.6666666666
2240,1071000.0
1916,606800.0
1738,587163.0434782609
5124,494500.0
7111,1205000.0
12024,685550.0
13178,1050785.7142857143
1266,1077500.0
8831,1150000.0
5336,1483679.4871794872
6182,2005236.8421052631
5216,723200.0
5367,1264200.0
6251,522100.0
3377,1383227.2727272727
2910,704873.3333333334
11451,630000.0
3262,679083.3333333334
3852,1584382.3529411764
3191,2130400.0
11766,617000.0
659,1238000.0
3618,650944.4444444445
9890,1333000.0
10863,484271.4285714286
2835,2124375.0
11030,693375.0
1339,569166.6666666666
2795,698500.0
1424,476071.4285714286
5401,1483679.4871794872
2434,1450100.0
11363,886000.0
562,3222222.222222222
11295,519611.1111111111
212,799807.6923076923
2793,1862950.0
4098,2083750.0
4659,643500.0
5065,417891.3043478261
2599,1523700.0
5194,738471.6981132076
12223,1776750.0
8121,598944.4444444445
11168,749333.3333333334
3110,1200000.0
13265,1789142.857142857
10422,1461666.6666666667
12549,677833.3333333334
2148,1230326.0869565217
6134,1752800.0
5092,723200.0
8084,504833.3333333333
5258,1168333.3333333333
12166,633750.0
7671,2049692.3076923077
2741,787928.5714285715
3737,418750.0
6711,1044652.7777777778
1621,795000.0
3601,1779272.7272727273
614,1837714.2857142857
10401,325000.0
1798,318000.0
2947,513333.3333333333
13389,920000.0
6881,1300000.0
10676,411500.0
8228,1533285.7142857143
8923,1631000.0
5198,738471.6981132076
10656,559000.0
5667,464377.77777777775
980,1583700.0
3402,1383227.2727272727
2995,486250.0
5188,872500.0
756,1832875.0
9041,775000.0
4736,1071500.0
7399,1458153.8461538462
604,1837714.2857142857
10388,508500.0
9710,628500.0
6320,522100.0
10115,608000.0
616,1420000.0
12974,980000.0
1238,1552666.6666666667
1049,2350200.0
7892,569681.8181818182
1817,1661666.6666666667
250,469000.0
10185,3130000.0
10281,693375.0
2954,572750.0
13252,1621666.6666666667
11756,703000.0
7584,1477692.3076923077
9786,2885500.0
10710,1153333.3333333333
2307,651220.0
7995,789000.0
9198,1110000.0
6502,1371250.0
5022,972550.0
3507,1096884.6153846155
10088,1186666.6666666667
11083,519611.1111111111
10852,857666.6666666666
7960,2507666.6666666665
2543,653833.3333333334
8905,599714.2857142857
3162,587675.0
1504,924333.3333333334
2346,515000.0
3478,900000.0
455,640000.0
10884,1440500.0
2214,963750.0
2142,1571878.5714285714
259,2077500.0
5375,1017738.0952380953
2313,392666.6666666667
489,3076666.6666666665
6936,655634.6153846154
3452,895818.1818181818
8826,428500.0
4248,890142.8571428572
12591,795507.4074074074
6305,1244200.0
768,1385000.0
3199,587675.0
4952,964928.5714285715
134,500833.3333333333
10807,1005800.0
2588,992000.0
5867,577596.1538461539
2574,1523700.0
3312,675000.0
10563,649300.0
11458,550000.0
9410,1764388.888888889
2258,651220.0
7601,1221065.2173913044
9364,775000.0
3494,729391.304347826
4316,949500.0
11184,1364333.3333333333
12131,1008312.5
10629,570000.0
2035,506285.71428571426
503,1193000.0
7029,546333.3333333334
6953,652461.5384615385
5293,404576.92307692306
2085,1033071.4285714285
10178,781000.0
10364,1678250.0
13330,365500.0
11502,837666.6666666666
10722,530416.6666666666
12576,1042928.5714285715
2772,2124375.0
12493,452500.0
6511,887500.0
4567,1015500.0
6916,655634.6153846154
5384,663062.5
1256,1488647.0588235294
12610,1201666.6666666667
13454,1405000.0
2554,1203000.0
6656,1281388.888888889
1063,2350200.0
9066,1384000.0
282,638571.4285714285
7216,1872500.0
8357,817000.0
8736,1807000.0
13511,696250.0
5583,703014.7058823529
8818,685550.0
7657,1263923.076923077
8976,739200.0
1972,1084210.5263157894
8295,857250.0
9781,1314416.6666666667
3278,693346.1538461539
8007,1350000.0
13284,1210500.0
9284,1008312.5
6956,652461.5384615385
10146,2602500.0
6173,1752800.0
211,799807.6923076923
1184,1552666.6666666667
6172,1217500.0
10991,675000.0
3880,346000.0
585,1238000.0
9386,1194444.4444444445
12642,418750.0
6199,1201964.2857142857
3088,863500.0
6959,1717000.0
147,660500.0
4811,1495750.0
9150,712666.6666666666
10512,633750.0
8593,1071000.0
12128,990000.0
2167,1230326.0869565217
13296,1827500.0
7821,533023.8095238095
12906,1770400.0
5222,738471.6981132076
11337,968666.6666666666
7861,1073900.0
11921,895166.6666666666
5629,703014.7058823529
1900,1280200.0
4537,898000.0
3158,1300000.0
12622,484271.4285714286
11261,1206944.4444444445
8247,333500.0
5735,1630000.0
10734,908392.8571428572
12546,908392.8571428572
9269,1042928.5714285715
1751,1056500.0
4969,922328.5714285715
13195,2018333.3333333333
13203,504305.55555555556
7608,1488647.0588235294
1885,1280200.0
2880,601417.0
2333,651220.0
9550,667500.0
826,1285478.142857143
2771,1862950.0
1707,1058416.6666666667
11291,706500.0
9117,650642.8571428572
9414,710000.0
12501,693375.0
6983,1751000.0
8319,1017738.0952380953
7914,471250.0
11196,771833.3333333334
4434,1700000.0
8638,758750.0
9616,520000.0
6702,798214.2857142857
10837,693857.1428571428
3094,1520250.0
426,1310000.0
11350,503000.0
4818,1015000.0
5248,738471.6981132076
7295,450000.0
2883,704873.3333333334
3169,3500000.0
6062,582142.8571428572
10290,2108250.0
1731,318000.0
3179,1048333.3333333334
4175,984454.5454545454
5948,495000.0
12832,1364333.3333333333
10744,1300000.0
1484,1263923.076923077
4654,814300.0
6887,655634.6153846154
11050,754800.0
9850,516833.3333333333
5898,1066458.3333333333
3587,650944.4444444445
11633,506000.0
7776,1033071.4285714285
2339,1752650.0
3579,1779272.7272727273
4080,991937.5
5427,1483679.4871794872
10911,746125.0
305,1167521.7391304348
7333,1104750.0
8588,1401000.0
8615,653833.3333333334
13478,651361.1111111111
4564,864625.0
4105,1404250.0
11021,1485000.0
2381,533023.8095238095
6792,1205200.0
6721,1044652.7777777778
13325,908392.8571428572
10362,392333.3333333333
4139,991937.5
7732,840666.6666666666
12798,842571.4285714285
4111,512666.6666666667
5489,1045375.0
6810,912250.0
7728,551833.3333333334
12409,693857.1428571428
3067,1520250.0
2731,787928.5714285715
12211,918500.0
4473,1872777.7777777778
6149,2109166.6666666665
5123,738471.6981132076
6031,640022.7272727273
12327,790000.0
1222,1773750.0
4702,5600000.0
3098,1132500.0
12386,973100.0
9657,1171500.0
4040,2383333.3333333335
10702,735888.8888888889
10227,611000.0
9232,2064000.0
12567,842571.4285714285
2289,1210000.0
12586,1008312.5
9597,679636.3636363636
12703,650642.8571428572
9808,1605000.0
9436,683500.0
5753,871500.0
4540,1100000.0
11117,378750.0
2345,1450100.0
12512,1500000.0
1368,1221065.2173913044
6664,1044652.7777777778
9843,753000.0
836,1087128.2051282052
7726,1372500.0
132,1815833.3333333333
8929,973100.0
10101,1131642.857142857
12874,908392.8571428572
5870,577596.1538461539
952,1184166.6666666667
1806,1372500.0
5470,580000.0
1155,2350200.0
6276,1330796.0
6144,697045.4545454546
3686,468000.0
3147,2130400.0
11604,1780966.6666666667
4900,964928.5714285715
9177,1150000.0
11742,1013400.0
1158,1245666.6666666667
1810,1661666.6666666667
2457,1228846.1538461538
3746,418750.0
5333,1483679.4871794872
3633,2383000.0
1976,1084210.5263157894
7140,692000.0
1221,761666.6666666666
410,905000.0
11351,1215411.7647058824
5573,1690800.0
560,2360555.5555555555
678,1664611.111111111
1488,1263923.076923077
5319,1483679.4871794872
8784,1150000.0
8701,860000.0
602,1837714.2857142857
2524,653833.3333333334
8716,471000.0
3389,871666.6666666666
9734,556000.0
4735,864000.0
5255,417891.3043478261
11068,735888.8888888889
6433,821666.6666666666
7764,1900000.0
13283,850000.0
8624,780833.3333333334
12231,746125.0
8505,1678000.0
294,843437.5
4628,814300.0
9361,1170187.5
8751,794800.0
8761,694383.3333333334
8067,346000.0
11013,1215411.7647058824
4927,964928.5714285715
1480,1081400.0
11218,568230.7692307692
4875,1495750.0
11070,630000.0
6987,1717000.0
1002,651750.0
10749,737500.0
5263,1483679.4871794872
12886,1297500.0
12337,1043875.0
8684,3113750.0
6270,975363.6363636364
13345,1193000.0
12578,1353807.6923076923
3688,1745000.0
10367,955000.0
2338,651220.0
1408,476071.4285714286
148,506250.0
8348,925333.3333333334
1057,2250000.0
7330,1104750.0
3330,949000.0
8020,470000.0
1216,1253875.0
9400,868666.6666666666
12741,1543750.0
1142,828050.0
5312,1017738.0952380953
10291,1333000.0
10098,2064000.0
4383,536450.0
12611,2210000.0
9209,395000.0
5118,417891.3043478261
13147,915916.6666666666
11973,555000.0
3556,523007.5
333,514142.85714285716
2166,1571878.5714285714
5081,417891.3043478261
8622,572750.0
10157,1221065.2173913044
5174,417891.3043478261
7302,726400.0
9525,739750.0
6013,640022.7272727273
13120,519611.1111111111
4260,890142.8571428572
10191,600666.6666666666
1653,1809000.0
11924,1000000.0
80,2146000.0
6855,1875000.0
12313,2108250.0
6633,1044652.7777777778
13042,1008312.5
9296,1282500.0
12646,1780000.0
7362,1307500.0
2767,1862950.0
13321,900000.0
5330,861250.0
7681,2049692.3076923077
12891,1547000.0
3040,2134666.6666666665
7450,799807.6923076923
5664,464377.77777777775
13567,1401000.0
11531,570000.0
5712,2245000.0
6705,1044652.7777777778
9083,706502.5
13061,1573333.3333333333
4496,1375666.6666666667
7583,1477692.3076923077
9286,1008312.5
6820,1143500.0
1824,2000000.0
6210,1201964.2857142857
7874,239000.0
12354,906250.0
13371,2375000.0
2234,571500.0
4887,964928.5714285715
11399,1320000.0
2023,1084210.5263157894
4740,864000.0
2592,1163300.0
6575,1739500.0
1901,1280200.0
11999,847000.0
4170,750000.0
8075,1788363.6363636365
6207,1895000.0
8165,1700000.0
7,1144833.3333333333
11564,1235000.0
1041,2350200.0
9665,1458153.8461538462
3908,766500.0
1086,1136750.0
10381,562250.0
9029,1257909.0909090908
693,2318928.5714285714
9790,815000.0
6015,1190000.0
984,1205000.0
4586,980200.0
3455,895818.1818181818
12452,519611.1111111111
2460,533023.8095238095
11142,550000.0
4834,636300.0
12318,1333000.0
2149,1571878.5714285714
9952,378750.0
8117,1195750.0
9447,1605000.0
338,843437.5
7226,1049285.7142857143
8605,1752650.0
3525,956500.0
11302,263100.0
12811,1012416.6666666666
8040,650944.4444444445
7285,726400.0
13242,1016000.0
485,752823.5294117647
12528,1482500.0
599,1837714.2857142857
2699,239000.0
12505,685550.0
788,916343.75
13551,768000.0
9926,1923333.3333333333
8450,1201964.2857142857
2263,651220.0
12759,902512.5
9795,1105000.0
4656,814300.0
9957,737500.0
2848,1862950.0
7581,2250000.0
12744,2018333.3333333333
9985,550000.0
3311,693346.1538461539
13159,594250.0
3234,881400.0
2015,1084210.5263157894
13423,1189500.0
7158,1195750.0
5211,738471.6981132076
10750,737500.0
10105,2077500.0
988,651750.0
7309,561750.0
7353,751000.0
4392,1375666.6666666667
4508,1375666.6666666667
3168,1000000.0
8662,864625.0
8453,1244200.0
1943,978057.6923076923
10245,850285.7142857143
13098,929250.0
13213,1043875.0
5782,577596.1538461539
8902,1621666.6666666667
12492,539437.5
4499,419000.0
9600,882923.1538461539
242,469000.0
375,1447500.0
6351,831730.7692307692
9706,1436000.0
1632,2675538.4615384615
5218,417891.3043478261
12958,1189500.0
1417,1900000.0
1829,1372500.0
7410,2000000.0
13343,1587500.0
12769,651361.1111111111
8041,954000.0
9913,1200000.0
731,613928.5714285715
4065,1217928.0
1934,978057.6923076923
5062,738471.6981132076
13135,611000.0
9158,412500.0
12506,685550.0
5950,726074.074074074
3928,826777.7777777778
3270,679083.3333333334
7534,1087128.2051282052
13132,1240000.0
2981,794333.3333333334
5713,1925454.5454545454
7880,1862950.0
10669,517500.0
9372,415000.0
8805,2064250.0
2439,533023.8095238095
24,1144833.3333333333
11216,2230000.0
2889,704873.3333333334
610,1680000.0
8566,889300.0
9641,636000.0
7724,1109750.0
5,1144833.3333333333
11770,749333.3333333334
4147,515000.0
2593,1130000.0
620,1837714.2857142857
5231,738471.6981132076
11539,484271.4285714286
13572,817857.1428571428
8762,694383.3333333334
4604,814300.0
6675,1044652.7777777778
2484,712000.0
2523,653833.3333333334
11090,752333.3333333334
12014,1096666.6666666667
2276,651220.0
9640,1353807.6923076923
6480,1171000.0
1163,1477692.3076923077
2356,1450100.0
2704,239000.0
4261,1015293.1034482758
9903,794375.0
10619,845500.0
500,1167416.6666666667
1648,3005000.0
2796,2456428.5714285714
671,1664611.111111111
13453,415000.0
2233,1544375.0
968,1087128.2051282052
12140,426666.6666666667
7351,411500.0
1141,1441000.0
12419,1186666.6666666667
4336,1475000.0
5016,964928.5714285715
12370,1068800.0
5150,417891.3043478261
5751,871500.0
8551,1144833.3333333333
6598,1274400.0
4397,1375666.6666666667
6615,775722.2222222222
4441,1375666.6666666667
11680,685550.0
4378,536450.0
10781,1008166.6666666666
1606,671642.8571428572
6596,659090.9090909091
12884,918500.0
12342,772500.0
11471,1159500.0
5493,480000.0
6118,697045.4545454546
8248,636300.0
7135,1195750.0
7655,1081400.0
1556,1285000.0
8906,1189500.0
10354,1153333.3333333333
1642,3005000.0
13410,886437.5
5464,567666.6666666666
3121,587675.0
5807,577596.1538461539
8664,1015500.0
3526,956500.0
6593,659090.9090909091
12926,1143333.3333333333
12970,2258333.3333333335
12483,1810000.0
12454,1372500.0
8824,1050000.0
8998,1171500.0
8320,1017738.0952380953
563,2360555.5555555555
5738,1220000.0
6093,582142.8571428572
11526,508500.0
1046,2754733.3333333335
4296,949500.0
8825,640000.0
5041,857250.0
1552,1338666.6666666667
11172,1870000.0
3966,826777.7777777778
9825,920000.0
4265,875000.0
1399,308750.0
9044,721666.6666666666
11084,1043875.0
4624,814300.0
5262,404576.92307692306
4680,814300.0
5486,533000.0
5339,885400.0
5476,580000.0
5628,1677000.0
11864,1450166.6666666667
3300,675000.0
13145,1063066.6666666667
9654,1575000.0
7937,386133.3333333333
10259,1237500.0
5704,1925454.5454545454
7510,1228392.857142857
778,1832875.0
10219,878400.0
10139,945000.0
9105,786666.6666666666
4885,922328.5714285715
9101,1257375.0
12593,1436000.0
10843,1573333.3333333333
6409,1015600.0
10032,1436000.0
3444,895818.1818181818
1176,1477692.3076923077
10578,1400000.0
3898,1788363.6363636365
9933,1186666.6666666667
10964,1063066.6666666667
12171,512955.8823529412
6346,1547000.0
1492,1263923.076923077
9992,1189500.0
7555,2350200.0
2252,1544375.0
6460,744750.0
5273,663062.5
9559,1540750.0
11327,682000.0
584,1532500.0
7116,331000.0
10140,683500.0
5816,465088.23529411765
4724,864000.0
6486,1678000.0
1604,1285000.0
12126,1789142.857142857
2438,1228846.1538461538
544,672000.0
6225,1201964.2857142857
13039,1789142.857142857
12801,963636.3636363636
8442,1752800.0
1649,3143750.0
5259,663062.5
10886,718500.0
3594,650944.4444444445
1769,1389909.0909090908
5282,663062.5
12542,1837333.3333333333
12282,1137833.3333333333
6753,831800.0
4060,1217928.0
4409,1872777.7777777778
3519,1096884.6153846155
1932,735142.8571428572
11312,555500.0
3822,707500.0
9355,1735000.0
4588,1473750.0
6439,744750.0
494,530900.0
2444,533023.8095238095
4743,1071500.0
742,1228392.857142857
8789,1200000.0
8720,882923.1538461539
6003,701333.3333333334
5204,857250.0
10641,594250.0
6315,522100.0
6786,575888.8888888889
8291,723200.0
3510,1096884.6153846155
10878,1297500.0
3954,483800.0
6316,1244200.0
11880,929250.0
10368,752333.3333333334
4482,599714.2857142857
13008,1043875.0
3723,683166.6666666666
3211,2130400.0
12070,770000.0
1499,1263923.076923077
3227,679083.3333333334
12146,975000.0
7699,390000.0
12991,805423.0769230769
2866,704873.3333333334
13486,474400.0
9988,1458153.8461538462
9107,990653.8461538461
11979,975000.0
12088,750000.0
228,638571.4285714285
9565,794375.0
408,1075000.0
1312,1221065.2173913044
8821,568642.8571428572
2618,312500.0
12240,1605000.0
8507,1678000.0
11123,858142.8571428572
9457,263100.0
5982,726074.074074074
12931,1665000.0
9017,800000.0
2769,2124375.0
6179,2109166.6666666665
12674,1143333.3333333333
3854,3306250.0
5875,577596.1538461539
9313,1651000.0
7328,661500.0
8027,895818.1818181818
1820,605000.0
2938,420000.0
5651,703014.7058823529
10064,1573333.3333333333
6781,1476571.4285714286
1110,828050.0
10120,1774250.0
9610,940000.0
10627,517500.0
3236,731206.6666666666
3754,799038.4615384615
7292,726400.0
10068,542000.0
2824,1862950.0
5533,1690800.0
3044,2134666.6666666665
11553,1206944.4444444445
8016,515000.0
11774,1008312.5
2667,962941.1764705882
3218,2130400.0
1868,892500.0
12214,768000.0
10106,1314416.6666666667
5965,858150.0
11771,505000.0
1515,1338666.6666666667
3625,650944.4444444445
13072,1124000.0
12761,1678250.0
11478,594250.0
133,1137500.0
9492,834250.0
3421,830666.6666666666
12094,842571.4285714285
6396,831730.7692307692
1258,1488647.0588235294
8099,991937.5
2752,1862950.0
6668,602525.0
10919,868500.0
7474,1371250.0
12510,965000.0
13514,1437583.3333333333
1370,356000.0
13234,1013400.0
9404,1498750.0
11420,823583.3333333334
6621,775722.2222222222
11844,857666.6666666666
2968,759400.0
7909,513333.3333333333
3918,826777.7777777778
7774,975000.0
3784,1366000.0
3039,2725000.0
2469,860750.0
1511,1338666.6666666667
9024,815000.0
13054,1353800.0
9458,1372500.0
13193,696250.0
4687,779818.1818181818
12927,794375.0
424,1351200.0
8418,726074.074074074
12279,1570250.0
2548,653833.3333333334
12677,2687750.0
6860,4275000.0
9206,752333.3333333334
9982,1171500.0
6703,1281388.888888889
1946,506285.71428571426
11251,1293661.75
7001,1717000.0
10096,1335000.0
11239,1170187.5
8722,693857.1428571428
5837,577596.1538461539
7485,752823.5294117647
7049,650000.0
6510,1413166.6666666667
2272,651220.0
2875,704873.3333333334
12332,548000.0
4763,1533285.7142857143
4777,1533285.7142857143
5506,1045375.0
6704,798214.2857142857
6298,975363.6363636364
13419,1662500.0
6539,1371250.0
10189,1218500.0
13333,1206944.4444444445
9518,886437.5
6912,690100.0
11608,1221065.2173913044
9151,712666.6666666666
11602,766500.0
2694,480000.0
6091,506250.0
12566,855000.0
11467,1405000.0
5091,738471.6981132076
11736,353200.0
3923,1143666.6666666667
11346,325000.0
5295,404576.92307692306
3062,1315000.0
2685,962941.1764705882
1589,2049692.3076923077
9845,1027375.0
2103,414250.0
2397,533023.8095238095
5145,738471.6981132076
2999,759400.0
5953,726074.074074074
1888,1825000.0
241,469000.0
7137,294333.3333333333
8983,594250.0
479,440000.0
963,1087128.2051282052
7290,726400.0
12427,1215411.7647058824
4137,1047666.6666666666
8314,857250.0
4359,1000000.0
10131,1437583.3333333333
9135,604071.4285714285
12276,745000.0
4618,779818.1818181818
12913,599900.0
11741,651357.1428571428
1072,828050.0
